[{"model": "admin.logentry", "pk": 1, "fields": {"action_time": "2024-11-08T10:11:51.545Z", "user": 1, "content_type": 9, "object_id": "1", "object_repr": "Pants", "action_flag": 1, "change_message": "[{\"added\": {}}]"}}, {"model": "admin.logentry", "pk": 2, "fields": {"action_time": "2024-11-08T10:12:14.261Z", "user": 1, "content_type": 9, "object_id": "2", "object_repr": "T-Shirts", "action_flag": 1, "change_message": "[{\"added\": {}}]"}}, {"model": "admin.logentry", "pk": 3, "fields": {"action_time": "2024-11-08T10:12:43.457Z", "user": 1, "content_type": 9, "object_id": "3", "object_repr": "Sneakers", "action_flag": 1, "change_message": "[{\"added\": {}}]"}}, {"model": "admin.logentry", "pk": 4, "fields": {"action_time": "2024-11-08T10:13:01.290Z", "user": 1, "content_type": 9, "object_id": "4", "object_repr": "Dresses", "action_flag": 1, "change_message": "[{\"added\": {}}]"}}, {"model": "admin.logentry", "pk": 5, "fields": {"action_time": "2024-11-08T10:13:44.596Z", "user": 1, "content_type": 9, "object_id": "5", "object_repr": "Jackets", "action_flag": 1, "change_message": "[{\"added\": {}}]"}}, {"model": "admin.logentry", "pk": 6, "fields": {"action_time": "2024-11-08T10:15:13.478Z", "user": 1, "content_type": 9, "object_id": "4", "object_repr": "Dresses", "action_flag": 2, "change_message": "[]"}}, {"model": "admin.logentry", "pk": 7, "fields": {"action_time": "2024-11-08T13:13:36.900Z", "user": 1, "content_type": 10, "object_id": "1", "object_repr": "Louis Vuitton", "action_flag": 1, "change_message": "[{\"added\": {}}]"}}, {"model": "admin.logentry", "pk": 8, "fields": {"action_time": "2024-11-08T13:14:03.040Z", "user": 1, "content_type": 10, "object_id": "2", "object_repr": "Vans", "action_flag": 1, "change_message": "[{\"added\": {}}]"}}, {"model": "admin.logentry", "pk": 9, "fields": {"action_time": "2024-11-08T13:15:00.230Z", "user": 1, "content_type": 10, "object_id": "3", "object_repr": "Converse", "action_flag": 1, "change_message": "[{\"added\": {}}]"}}, {"model": "admin.logentry", "pk": 10, "fields": {"action_time": "2024-11-08T13:15:51.017Z", "user": 1, "content_type": 10, "object_id": "4", "object_repr": "Nike", "action_flag": 1, "change_message": "[{\"added\": {}}]"}}, {"model": "admin.logentry", "pk": 11, "fields": {"action_time": "2024-11-08T13:16:04.303Z", "user": 1, "content_type": 10, "object_id": "5", "object_repr": "Adidas", "action_flag": 1, "change_message": "[{\"added\": {}}]"}}, {"model": "admin.logentry", "pk": 12, "fields": {"action_time": "2024-11-08T13:21:50.689Z", "user": 1, "content_type": 11, "object_id": "1", "object_repr": "Classic T-Shirt", "action_flag": 1, "change_message": "[{\"added\": {}}]"}}, {"model": "admin.logentry", "pk": 13, "fields": {"action_time": "2024-11-08T13:23:41.493Z", "user": 1, "content_type": 10, "object_id": "5", "object_repr": "Adidas", "action_flag": 2, "change_message": "[]"}}, {"model": "admin.logentry", "pk": 14, "fields": {"action_time": "2024-11-09T03:23:19.958Z", "user": 1, "content_type": 9, "object_id": "6", "object_repr": "Caps", "action_flag": 1, "change_message": "[{\"added\": {}}]"}}, {"model": "admin.logentry", "pk": 15, "fields": {"action_time": "2024-11-10T09:21:49.272Z", "user": 1, "content_type": 11, "object_id": "11", "object_repr": "Casual Sneakers", "action_flag": 2, "change_message": "[{\"changed\": {\"fields\": [\"Ratings\"]}}]"}}, {"model": "admin.logentry", "pk": 16, "fields": {"action_time": "2024-11-10T09:21:52.695Z", "user": 1, "content_type": 11, "object_id": "11", "object_repr": "Casual Sneakers", "action_flag": 2, "change_message": "[]"}}, {"model": "admin.logentry", "pk": 17, "fields": {"action_time": "2024-11-10T09:21:58.124Z", "user": 1, "content_type": 11, "object_id": "8", "object_repr": "Pullover Sweater", "action_flag": 2, "change_message": "[{\"changed\": {\"fields\": [\"Ratings\"]}}]"}}, {"model": "admin.logentry", "pk": 18, "fields": {"action_time": "2024-11-10T09:22:12.463Z", "user": 1, "content_type": 11, "object_id": "5", "object_repr": "Running Shoes", "action_flag": 2, "change_message": "[{\"changed\": {\"fields\": [\"Ratings\", \"Brand\"]}}]"}}, {"model": "admin.logentry", "pk": 19, "fields": {"action_time": "2024-11-10T09:22:19.005Z", "user": 1, "content_type": 11, "object_id": "3", "object_repr": "Summer Dress", "action_flag": 2, "change_message": "[{\"changed\": {\"fields\": [\"Ratings\"]}}]"}}, {"model": "admin.logentry", "pk": 20, "fields": {"action_time": "2024-11-10T09:22:26.238Z", "user": 1, "content_type": 11, "object_id": "10", "object_repr": "Yoga Pants", "action_flag": 2, "change_message": "[{\"changed\": {\"fields\": [\"Ratings\"]}}]"}}, {"model": "admin.logentry", "pk": 21, "fields": {"action_time": "2024-11-10T10:09:15.261Z", "user": 1, "content_type": 9, "object_id": "7", "object_repr": "Abc", "action_flag": 1, "change_message": "[{\"added\": {}}]"}}, {"model": "admin.logentry", "pk": 22, "fields": {"action_time": "2024-11-10T10:10:12.368Z", "user": 1, "content_type": 11, "object_id": "7", "object_repr": "Baseball Cap", "action_flag": 2, "change_message": "[{\"changed\": {\"fields\": [\"Category\", \"Brand\"]}}]"}}, {"model": "admin.logentry", "pk": 23, "fields": {"action_time": "2024-11-10T10:10:24.143Z", "user": 1, "content_type": 11, "object_id": "6", "object_repr": "Leather Belt", "action_flag": 2, "change_message": "[{\"changed\": {\"fields\": [\"Brand\"]}}]"}}, {"model": "admin.logentry", "pk": 24, "fields": {"action_time": "2024-11-10T12:23:09.925Z", "user": 1, "content_type": 12, "object_id": "1", "object_repr": "dangdungvn/Denim Jacket", "action_flag": 1, "change_message": "[{\"added\": {}}]"}}, {"model": "admin.logentry", "pk": 25, "fields": {"action_time": "2024-11-11T03:00:35.296Z", "user": 1, "content_type": 13, "object_id": "1", "object_repr": "dangdungvn/Classic T-Shirt", "action_flag": 1, "change_message": "[{\"added\": {}}]"}}, {"model": "admin.logentry", "pk": 26, "fields": {"action_time": "2024-11-11T12:08:18.309Z", "user": 1, "content_type": 13, "object_id": "2", "object_repr": "dangdungvn/Classic T-Shirt", "action_flag": 1, "change_message": "[{\"added\": {}}]"}}, {"model": "admin.logentry", "pk": 27, "fields": {"action_time": "2024-11-12T15:11:38.924Z", "user": 1, "content_type": 15, "object_id": "1", "object_repr": "dangdungvn/home", "action_flag": 1, "change_message": "[{\"added\": {}}]"}}, {"model": "admin.logentry", "pk": 28, "fields": {"action_time": "2024-11-13T03:36:36.953Z", "user": 1, "content_type": 4, "object_id": "1", "object_repr": "FashionAdmin", "action_flag": 2, "change_message": "[]"}}, {"model": "admin.logentry", "pk": 29, "fields": {"action_time": "2024-11-13T03:36:50.050Z", "user": 1, "content_type": 4, "object_id": "2", "object_repr": "dangdungvn", "action_flag": 2, "change_message": "[{\"changed\": {\"fields\": [\"Staff status\", \"Superuser status\"]}}]"}}, {"model": "admin.logentry", "pk": 30, "fields": {"action_time": "2024-11-13T03:39:38.481Z", "user": 1, "content_type": 15, "object_id": "2", "object_repr": "dangdungvn/office", "action_flag": 1, "change_message": "[{\"added\": {}}]"}}, {"model": "admin.logentry", "pk": 31, "fields": {"action_time": "2024-11-13T03:47:49.647Z", "user": 1, "content_type": 15, "object_id": "2", "object_repr": "dangdungvn/office", "action_flag": 2, "change_message": "[]"}}, {"model": "admin.logentry", "pk": 32, "fields": {"action_time": "2024-11-13T07:45:01.504Z", "user": 2, "content_type": 9, "object_id": "7", "object_repr": "Abc", "action_flag": 3, "change_message": ""}}, {"model": "admin.logentry", "pk": 33, "fields": {"action_time": "2024-11-13T07:47:56.590Z", "user": 2, "content_type": 11, "object_id": "15", "object_repr": "Rain Jacket", "action_flag": 2, "change_message": "[{\"changed\": {\"fields\": [\"Description\"]}}]"}}, {"model": "admin.logentry", "pk": 34, "fields": {"action_time": "2024-11-14T13:41:03.184Z", "user": 2, "content_type": 11, "object_id": "15", "object_repr": "Rain Jacket", "action_flag": 2, "change_message": "[{\"changed\": {\"fields\": [\"ImageUrls\"]}}]"}}, {"model": "admin.logentry", "pk": 35, "fields": {"action_time": "2024-11-14T14:17:48.886Z", "user": 2, "content_type": 11, "object_id": "14", "object_repr": "Cargo Pants", "action_flag": 2, "change_message": "[{\"changed\": {\"fields\": [\"ImageUrls\"]}}]"}}, {"model": "admin.logentry", "pk": 36, "fields": {"action_time": "2024-11-14T14:20:14.203Z", "user": 2, "content_type": 11, "object_id": "1", "object_repr": "Classic T-Shirt", "action_flag": 2, "change_message": "[{\"changed\": {\"fields\": [\"Description\", \"Category\", \"Brand\", \"ImageUrls\"]}}]"}}, {"model": "admin.logentry", "pk": 37, "fields": {"action_time": "2024-11-14T14:22:29.983Z", "user": 2, "content_type": 11, "object_id": "2", "object_repr": "Denim Jacket", "action_flag": 2, "change_message": "[{\"changed\": {\"fields\": [\"Description\", \"Category\", \"Brand\", \"ImageUrls\"]}}]"}}, {"model": "admin.logentry", "pk": 38, "fields": {"action_time": "2024-11-14T14:24:25.079Z", "user": 2, "content_type": 11, "object_id": "3", "object_repr": "Summer Dress", "action_flag": 2, "change_message": "[{\"changed\": {\"fields\": [\"Description\", \"Category\", \"Brand\", \"ImageUrls\"]}}]"}}, {"model": "admin.logentry", "pk": 39, "fields": {"action_time": "2024-11-14T14:42:23.922Z", "user": 2, "content_type": 11, "object_id": "13", "object_repr": "Winter Coat", "action_flag": 2, "change_message": "[{\"changed\": {\"fields\": [\"ImageUrls\"]}}]"}}, {"model": "admin.logentry", "pk": 40, "fields": {"action_time": "2024-11-14T15:02:57.364Z", "user": 2, "content_type": 11, "object_id": "14", "object_repr": "Cargo Pants", "action_flag": 2, "change_message": "[{\"changed\": {\"fields\": [\"ImageUrls\"]}}]"}}, {"model": "admin.logentry", "pk": 41, "fields": {"action_time": "2024-11-14T15:50:29.627Z", "user": 2, "content_type": 11, "object_id": "12", "object_repr": "Formal Dress Shirt", "action_flag": 2, "change_message": "[{\"changed\": {\"fields\": [\"ImageUrls\"]}}]"}}, {"model": "admin.logentry", "pk": 42, "fields": {"action_time": "2024-11-14T16:07:39.526Z", "user": 2, "content_type": 11, "object_id": "11", "object_repr": "Casual Sneakers", "action_flag": 2, "change_message": "[{\"changed\": {\"fields\": [\"Brand\", \"ImageUrls\"]}}]"}}, {"model": "admin.logentry", "pk": 43, "fields": {"action_time": "2024-11-14T16:15:31.860Z", "user": 2, "content_type": 11, "object_id": "10", "object_repr": "Yoga Pants", "action_flag": 2, "change_message": "[{\"changed\": {\"fields\": [\"Category\", \"Brand\", \"ImageUrls\"]}}]"}}, {"model": "admin.logentry", "pk": 44, "fields": {"action_time": "2024-11-14T17:00:38.436Z", "user": 2, "content_type": 11, "object_id": "9", "object_repr": "Slim Fit Jeans", "action_flag": 2, "change_message": "[{\"changed\": {\"fields\": [\"Category\", \"ImageUrls\"]}}]"}}, {"model": "admin.logentry", "pk": 45, "fields": {"action_time": "2024-11-14T17:09:13.588Z", "user": 2, "content_type": 11, "object_id": "8", "object_repr": "Pullover Sweater", "action_flag": 2, "change_message": "[{\"changed\": {\"fields\": [\"Category\", \"Brand\", \"Colors\", \"ImageUrls\"]}}]"}}, {"model": "admin.logentry", "pk": 46, "fields": {"action_time": "2024-11-14T17:09:29.121Z", "user": 2, "content_type": 11, "object_id": "15", "object_repr": "Rain Jacket", "action_flag": 2, "change_message": "[{\"changed\": {\"fields\": [\"Category\", \"Brand\"]}}]"}}, {"model": "admin.logentry", "pk": 47, "fields": {"action_time": "2024-11-14T17:14:46.149Z", "user": 2, "content_type": 11, "object_id": "7", "object_repr": "Baseball Cap", "action_flag": 2, "change_message": "[{\"changed\": {\"fields\": [\"Category\", \"Brand\", \"Colors\", \"ImageUrls\"]}}]"}}, {"model": "admin.logentry", "pk": 48, "fields": {"action_time": "2024-11-14T17:18:13.898Z", "user": 2, "content_type": 11, "object_id": "6", "object_repr": "Leather Belt", "action_flag": 2, "change_message": "[{\"changed\": {\"fields\": [\"Category\", \"Brand\", \"ImageUrls\"]}}]"}}, {"model": "admin.logentry", "pk": 49, "fields": {"action_time": "2024-11-14T17:20:45.776Z", "user": 2, "content_type": 11, "object_id": "5", "object_repr": "Running Shoes", "action_flag": 2, "change_message": "[{\"changed\": {\"fields\": [\"Category\", \"ImageUrls\"]}}]"}}, {"model": "admin.logentry", "pk": 50, "fields": {"action_time": "2024-11-14T17:29:24.670Z", "user": 2, "content_type": 11, "object_id": "4", "object_repr": "Hooded Sweatshirt", "action_flag": 2, "change_message": "[{\"changed\": {\"fields\": [\"Colors\", \"ImageUrls\"]}}]"}}, {"model": "admin.logentry", "pk": 51, "fields": {"action_time": "2024-11-14T17:39:42.817Z", "user": 2, "content_type": 11, "object_id": "3", "object_repr": "Summer Dress", "action_flag": 2, "change_message": "[{\"changed\": {\"fields\": [\"Colors\", \"ImageUrls\"]}}]"}}, {"model": "admin.logentry", "pk": 52, "fields": {"action_time": "2024-11-14T18:31:35.062Z", "user": 2, "content_type": 11, "object_id": "2", "object_repr": "Denim Jacket", "action_flag": 2, "change_message": "[{\"changed\": {\"fields\": [\"ImageUrls\"]}}]"}}, {"model": "admin.logentry", "pk": 53, "fields": {"action_time": "2024-11-14T18:41:28.383Z", "user": 2, "content_type": 11, "object_id": "1", "object_repr": "Classic T-Shirt", "action_flag": 2, "change_message": "[{\"changed\": {\"fields\": [\"Brand\", \"Colors\", \"ImageUrls\"]}}]"}}, {"model": "admin.logentry", "pk": 54, "fields": {"action_time": "2024-11-14T21:18:53.512Z", "user": 2, "content_type": 12, "object_id": "75", "object_repr": "dangdungvn/Running Shoes", "action_flag": 3, "change_message": ""}}, {"model": "admin.logentry", "pk": 55, "fields": {"action_time": "2024-11-14T21:18:53.512Z", "user": 2, "content_type": 12, "object_id": "74", "object_repr": "dangdungvn/Baseball Cap", "action_flag": 3, "change_message": ""}}, {"model": "admin.logentry", "pk": 56, "fields": {"action_time": "2024-11-14T21:31:47.089Z", "user": 2, "content_type": 11, "object_id": "14", "object_repr": "Quần ống rộng", "action_flag": 2, "change_message": "[{\"changed\": {\"fields\": [\"Title\"]}}]"}}, {"model": "admin.logentry", "pk": 57, "fields": {"action_time": "2024-11-14T21:42:11.059Z", "user": 2, "content_type": 11, "object_id": "3", "object_repr": "Summer Dress", "action_flag": 2, "change_message": "[{\"changed\": {\"fields\": [\"ImageUrls\"]}}]"}}, {"model": "admin.logentry", "pk": 58, "fields": {"action_time": "2024-11-14T21:46:21.640Z", "user": 2, "content_type": 11, "object_id": "3", "object_repr": "Summer Dress", "action_flag": 2, "change_message": "[]"}}, {"model": "admin.logentry", "pk": 59, "fields": {"action_time": "2024-11-14T21:47:31.887Z", "user": 2, "content_type": 11, "object_id": "2", "object_repr": "Denim Jacket", "action_flag": 2, "change_message": "[]"}}, {"model": "admin.logentry", "pk": 60, "fields": {"action_time": "2024-11-15T04:11:22.039Z", "user": 2, "content_type": 11, "object_id": "2", "object_repr": "Denim Jacket", "action_flag": 2, "change_message": "[{\"changed\": {\"fields\": [\"ImageUrls\"]}}]"}}, {"model": "admin.logentry", "pk": 61, "fields": {"action_time": "2024-11-15T04:16:10.467Z", "user": 2, "content_type": 11, "object_id": "3", "object_repr": "Váy", "action_flag": 2, "change_message": "[{\"changed\": {\"fields\": [\"Title\", \"ClothesType\", \"Colors\", \"ImageUrls\"]}}]"}}, {"model": "admin.logentry", "pk": 62, "fields": {"action_time": "2024-11-15T04:16:26.319Z", "user": 2, "content_type": 11, "object_id": "15", "object_repr": "Áo mưa", "action_flag": 2, "change_message": "[{\"changed\": {\"fields\": [\"Title\"]}}]"}}, {"model": "admin.logentry", "pk": 63, "fields": {"action_time": "2024-11-15T04:16:55.214Z", "user": 2, "content_type": 11, "object_id": "13", "object_repr": "Áo khoác mùa đông", "action_flag": 2, "change_message": "[{\"changed\": {\"fields\": [\"Title\", \"Category\"]}}]"}}, {"model": "admin.logentry", "pk": 64, "fields": {"action_time": "2024-11-15T04:20:12.541Z", "user": 2, "content_type": 11, "object_id": "12", "object_repr": "Áo sơ mi", "action_flag": 2, "change_message": "[{\"changed\": {\"fields\": [\"Title\"]}}]"}}, {"model": "admin.logentry", "pk": 65, "fields": {"action_time": "2024-11-15T04:20:35.391Z", "user": 2, "content_type": 11, "object_id": "11", "object_repr": "Giày thể thao", "action_flag": 2, "change_message": "[{\"changed\": {\"fields\": [\"Title\", \"Category\"]}}]"}}, {"model": "admin.logentry", "pk": 66, "fields": {"action_time": "2024-11-15T04:20:51.152Z", "user": 2, "content_type": 11, "object_id": "10", "object_repr": "Quần Yoga", "action_flag": 2, "change_message": "[{\"changed\": {\"fields\": [\"Title\"]}}]"}}, {"model": "admin.logentry", "pk": 67, "fields": {"action_time": "2024-11-15T04:21:16.968Z", "user": 2, "content_type": 11, "object_id": "9", "object_repr": "Quần bò", "action_flag": 2, "change_message": "[{\"changed\": {\"fields\": [\"Title\"]}}]"}}, {"model": "admin.logentry", "pk": 68, "fields": {"action_time": "2024-11-15T04:21:28.988Z", "user": 2, "content_type": 11, "object_id": "8", "object_repr": "Áo len", "action_flag": 2, "change_message": "[{\"changed\": {\"fields\": [\"Title\"]}}]"}}, {"model": "admin.logentry", "pk": 69, "fields": {"action_time": "2024-11-15T04:21:39.648Z", "user": 2, "content_type": 11, "object_id": "7", "object_repr": "Mũ bóng chày", "action_flag": 2, "change_message": "[{\"changed\": {\"fields\": [\"Title\"]}}]"}}, {"model": "admin.logentry", "pk": 70, "fields": {"action_time": "2024-11-15T04:21:49.998Z", "user": 2, "content_type": 11, "object_id": "6", "object_repr": "Thắt lưng da", "action_flag": 2, "change_message": "[{\"changed\": {\"fields\": [\"Title\"]}}]"}}, {"model": "admin.logentry", "pk": 71, "fields": {"action_time": "2024-11-15T04:21:58.864Z", "user": 2, "content_type": 11, "object_id": "5", "object_repr": "Giày chạy bộ", "action_flag": 2, "change_message": "[{\"changed\": {\"fields\": [\"Title\"]}}]"}}, {"model": "admin.logentry", "pk": 72, "fields": {"action_time": "2024-11-15T04:22:18.182Z", "user": 2, "content_type": 11, "object_id": "4", "object_repr": "Áo Hoodie", "action_flag": 2, "change_message": "[{\"changed\": {\"fields\": [\"Title\"]}}]"}}, {"model": "admin.logentry", "pk": 73, "fields": {"action_time": "2024-11-15T04:22:28.869Z", "user": 2, "content_type": 11, "object_id": "2", "object_repr": "Áo khoác bò", "action_flag": 2, "change_message": "[{\"changed\": {\"fields\": [\"Title\"]}}]"}}, {"model": "admin.logentry", "pk": 74, "fields": {"action_time": "2024-11-15T04:22:45.698Z", "user": 2, "content_type": 11, "object_id": "1", "object_repr": "Áo thun classic", "action_flag": 2, "change_message": "[{\"changed\": {\"fields\": [\"Title\"]}}]"}}, {"model": "admin.logentry", "pk": 75, "fields": {"action_time": "2024-11-15T04:23:59.571Z", "user": 2, "content_type": 11, "object_id": "3", "object_repr": "Váy", "action_flag": 2, "change_message": "[{\"changed\": {\"fields\": [\"ClothesType\"]}}]"}}, {"model": "admin.logentry", "pk": 76, "fields": {"action_time": "2024-11-15T04:44:25.135Z", "user": 2, "content_type": 11, "object_id": "1", "object_repr": "Áo thun classic", "action_flag": 2, "change_message": "[{\"changed\": {\"fields\": [\"Colors\", \"ImageUrls\"]}}]"}}, {"model": "admin.logentry", "pk": 77, "fields": {"action_time": "2024-11-15T04:50:23.009Z", "user": 2, "content_type": 11, "object_id": "14", "object_repr": "Quần ống rộng", "action_flag": 2, "change_message": "[{\"changed\": {\"fields\": [\"ImageUrls\"]}}]"}}, {"model": "admin.logentry", "pk": 78, "fields": {"action_time": "2024-11-15T12:00:09.782Z", "user": 2, "content_type": 9, "object_id": "6", "object_repr": "Caps", "action_flag": 2, "change_message": "[{\"changed\": {\"fields\": [\"ImageUrl\"]}}]"}}, {"model": "admin.logentry", "pk": 79, "fields": {"action_time": "2024-11-15T12:12:52.932Z", "user": 2, "content_type": 10, "object_id": "6", "object_repr": "The North Face", "action_flag": 1, "change_message": "[{\"added\": {}}]"}}, {"model": "admin.logentry", "pk": 80, "fields": {"action_time": "2024-11-15T12:14:20.688Z", "user": 2, "content_type": 10, "object_id": "7", "object_repr": "Ralph Lauren", "action_flag": 1, "change_message": "[{\"added\": {}}]"}}, {"model": "admin.logentry", "pk": 81, "fields": {"action_time": "2024-11-18T03:57:51.819Z", "user": 2, "content_type": 11, "object_id": "13", "object_repr": "Áo khoác mùa đông", "action_flag": 2, "change_message": "[{\"changed\": {\"fields\": [\"Brand\"]}}]"}}, {"model": "admin.logentry", "pk": 82, "fields": {"action_time": "2024-11-18T03:58:37.386Z", "user": 2, "content_type": 11, "object_id": "12", "object_repr": "Áo sơ mi", "action_flag": 2, "change_message": "[{\"changed\": {\"fields\": [\"Brand\"]}}]"}}, {"model": "admin.logentry", "pk": 83, "fields": {"action_time": "2024-11-18T03:58:56.222Z", "user": 2, "content_type": 11, "object_id": "11", "object_repr": "Giày thể thao", "action_flag": 2, "change_message": "[]"}}, {"model": "admin.logentry", "pk": 84, "fields": {"action_time": "2024-11-19T23:18:18.452Z", "user": 2, "content_type": 17, "object_id": "5", "object_repr": "dangdungvn | 2", "action_flag": 2, "change_message": "[{\"changed\": {\"fields\": [\"IsRead\"]}}]"}}, {"model": "admin.logentry", "pk": 85, "fields": {"action_time": "2024-11-19T23:18:22.191Z", "user": 2, "content_type": 17, "object_id": "4", "object_repr": "dangdungvn | 2", "action_flag": 2, "change_message": "[{\"changed\": {\"fields\": [\"IsRead\"]}}]"}}, {"model": "admin.logentry", "pk": 86, "fields": {"action_time": "2024-11-19T23:18:27.453Z", "user": 2, "content_type": 17, "object_id": "3", "object_repr": "dangdungvn | 2", "action_flag": 2, "change_message": "[{\"changed\": {\"fields\": [\"IsRead\"]}}]"}}, {"model": "admin.logentry", "pk": 87, "fields": {"action_time": "2024-11-19T23:18:30.536Z", "user": 2, "content_type": 17, "object_id": "2", "object_repr": "dangdungvn | 2", "action_flag": 2, "change_message": "[{\"changed\": {\"fields\": [\"IsRead\"]}}]"}}, {"model": "admin.logentry", "pk": 88, "fields": {"action_time": "2024-11-25T07:59:56.558Z", "user": 2, "content_type": 9, "object_id": "6", "object_repr": "Mũ", "action_flag": 2, "change_message": "[{\"changed\": {\"fields\": [\"Title\"]}}]"}}, {"model": "admin.logentry", "pk": 89, "fields": {"action_time": "2024-11-25T08:00:06.683Z", "user": 2, "content_type": 9, "object_id": "5", "object_repr": "Áo khoác", "action_flag": 2, "change_message": "[{\"changed\": {\"fields\": [\"Title\"]}}]"}}, {"model": "admin.logentry", "pk": 90, "fields": {"action_time": "2024-11-25T08:00:16.423Z", "user": 2, "content_type": 9, "object_id": "4", "object_repr": "Váy", "action_flag": 2, "change_message": "[{\"changed\": {\"fields\": [\"Title\"]}}]"}}, {"model": "admin.logentry", "pk": 91, "fields": {"action_time": "2024-11-25T08:00:36.421Z", "user": 2, "content_type": 9, "object_id": "3", "object_repr": "Giày thể thao", "action_flag": 2, "change_message": "[{\"changed\": {\"fields\": [\"Title\"]}}]"}}, {"model": "admin.logentry", "pk": 92, "fields": {"action_time": "2024-11-25T08:00:55.153Z", "user": 2, "content_type": 9, "object_id": "2", "object_repr": "Áo phông", "action_flag": 2, "change_message": "[{\"changed\": {\"fields\": [\"Title\"]}}]"}}, {"model": "admin.logentry", "pk": 93, "fields": {"action_time": "2024-11-25T08:01:03.548Z", "user": 2, "content_type": 9, "object_id": "1", "object_repr": "Quần", "action_flag": 2, "change_message": "[{\"changed\": {\"fields\": [\"Title\"]}}]"}}, {"model": "admin.logentry", "pk": 94, "fields": {"action_time": "2024-11-26T16:54:53.543Z", "user": 2, "content_type": 11, "object_id": "15", "object_repr": "Áo mưa", "action_flag": 2, "change_message": "[]"}}, {"model": "admin.logentry", "pk": 95, "fields": {"action_time": "2024-11-27T06:55:29.968Z", "user": 2, "content_type": 11, "object_id": "15", "object_repr": "Áo mưa", "action_flag": 2, "change_message": "[{\"changed\": {\"fields\": [\"ImageUrls\"]}}]"}}, {"model": "admin.logentry", "pk": 96, "fields": {"action_time": "2024-11-28T00:38:17.593Z", "user": 2, "content_type": 18, "object_id": "1", "object_repr": "dangdungvn | Quần ống rộng", "action_flag": 2, "change_message": "[]"}}, {"model": "admin.logentry", "pk": 97, "fields": {"action_time": "2024-11-29T15:23:57.800Z", "user": 2, "content_type": 16, "object_id": "8", "object_repr": "Order 8 by dangdungvn to Triều khúc, thanh xuân, hà nội", "action_flag": 2, "change_message": "[{\"changed\": {\"fields\": [\"Delivery status\"]}}]"}}, {"model": "admin.logentry", "pk": 98, "fields": {"action_time": "2024-11-29T15:24:23.646Z", "user": 2, "content_type": 16, "object_id": "8", "object_repr": "Order 8 by dangdungvn to Triều khúc, thanh xuân, hà nội", "action_flag": 2, "change_message": "[{\"changed\": {\"fields\": [\"Delivery status\"]}}]"}}, {"model": "admin.logentry", "pk": 99, "fields": {"action_time": "2024-12-01T21:05:46.744Z", "user": 2, "content_type": 12, "object_id": "157", "object_repr": "dangdungvn/Áo Hoodie", "action_flag": 3, "change_message": ""}}, {"model": "admin.logentry", "pk": 100, "fields": {"action_time": "2024-12-01T21:05:46.745Z", "user": 2, "content_type": 12, "object_id": "156", "object_repr": "dangdungvn/Quần Yoga", "action_flag": 3, "change_message": ""}}, {"model": "admin.logentry", "pk": 101, "fields": {"action_time": "2024-12-01T21:15:44.746Z", "user": 2, "content_type": 16, "object_id": "4", "object_repr": "Order 4 by dangdungvn to Thanh Hoá", "action_flag": 2, "change_message": "[{\"changed\": {\"fields\": [\"Delivery status\"]}}]"}}, {"model": "admin.logentry", "pk": 102, "fields": {"action_time": "2024-12-13T03:47:15.177Z", "user": 2, "content_type": 11, "object_id": "4", "object_repr": "Áo Hoodie", "action_flag": 2, "change_message": "[{\"changed\": {\"fields\": [\"Category\"]}}]"}}, {"model": "admin.logentry", "pk": 103, "fields": {"action_time": "2024-12-13T03:48:52.534Z", "user": 2, "content_type": 11, "object_id": "7", "object_repr": "Mũ bóng chày", "action_flag": 2, "change_message": "[{\"changed\": {\"fields\": [\"ImageUrls\"]}}]"}}, {"model": "admin.logentry", "pk": 104, "fields": {"action_time": "2024-12-13T03:49:48.574Z", "user": 2, "content_type": 11, "object_id": "7", "object_repr": "Mũ bóng chày", "action_flag": 2, "change_message": "[]"}}, {"model": "admin.logentry", "pk": 105, "fields": {"action_time": "2024-12-13T03:52:05.688Z", "user": 2, "content_type": 11, "object_id": "1", "object_repr": "Áo thun classic", "action_flag": 2, "change_message": "[{\"changed\": {\"fields\": [\"ImageUrls\"]}}]"}}, {"model": "admin.logentry", "pk": 106, "fields": {"action_time": "2024-12-21T21:04:55.246Z", "user": 2, "content_type": 16, "object_id": "22", "object_repr": "Order 22 by dangdungvn to Ha Noi", "action_flag": 2, "change_message": "[]"}}, {"model": "admin.logentry", "pk": 107, "fields": {"action_time": "2024-12-21T21:06:36.985Z", "user": 2, "content_type": 16, "object_id": "22", "object_repr": "Order 22 by dangdungvn to Ha Noi", "action_flag": 3, "change_message": ""}}, {"model": "admin.logentry", "pk": 108, "fields": {"action_time": "2024-12-21T21:06:36.985Z", "user": 2, "content_type": 16, "object_id": "21", "object_repr": "Order 21 by dangdungvn to Ha Noi", "action_flag": 3, "change_message": ""}}, {"model": "admin.logentry", "pk": 109, "fields": {"action_time": "2024-12-21T21:06:36.985Z", "user": 2, "content_type": 16, "object_id": "20", "object_repr": "Order 20 by dangdungvn to Ha Noi", "action_flag": 3, "change_message": ""}}, {"model": "admin.logentry", "pk": 110, "fields": {"action_time": "2024-12-21T21:06:36.985Z", "user": 2, "content_type": 16, "object_id": "19", "object_repr": "Order 19 by dangdungvn to Ha Noi", "action_flag": 3, "change_message": ""}}, {"model": "admin.logentry", "pk": 111, "fields": {"action_time": "2024-12-21T21:06:36.985Z", "user": 2, "content_type": 16, "object_id": "18", "object_repr": "Order 18 by dangdungvn to Ha Noi", "action_flag": 3, "change_message": ""}}, {"model": "admin.logentry", "pk": 112, "fields": {"action_time": "2024-12-21T21:06:36.985Z", "user": 2, "content_type": 16, "object_id": "17", "object_repr": "Order 17 by dangdungvn to Ha Noi", "action_flag": 3, "change_message": ""}}, {"model": "admin.logentry", "pk": 113, "fields": {"action_time": "2024-12-21T21:06:36.985Z", "user": 2, "content_type": 16, "object_id": "16", "object_repr": "Order 16 by dangdungvn to Ha Noi", "action_flag": 3, "change_message": ""}}, {"model": "admin.logentry", "pk": 114, "fields": {"action_time": "2024-12-21T21:06:36.985Z", "user": 2, "content_type": 16, "object_id": "15", "object_repr": "Order 15 by dangdungvn to Ha Noi", "action_flag": 3, "change_message": ""}}, {"model": "admin.logentry", "pk": 115, "fields": {"action_time": "2024-12-21T21:06:36.985Z", "user": 2, "content_type": 16, "object_id": "14", "object_repr": "Order 14 by dangdungvn to Ha Noi", "action_flag": 3, "change_message": ""}}, {"model": "admin.logentry", "pk": 116, "fields": {"action_time": "2024-12-21T21:06:36.985Z", "user": 2, "content_type": 16, "object_id": "13", "object_repr": "Order 13 by dangdungvn to Ha Noi", "action_flag": 3, "change_message": ""}}, {"model": "admin.logentry", "pk": 117, "fields": {"action_time": "2024-12-21T21:06:36.985Z", "user": 2, "content_type": 16, "object_id": "12", "object_repr": "Order 12 by dangdungvn to Ha Noi", "action_flag": 3, "change_message": ""}}, {"model": "admin.logentry", "pk": 118, "fields": {"action_time": "2024-12-21T23:32:21.037Z", "user": 2, "content_type": 8, "object_id": "13", "object_repr": "48a06eb2cc267cdcc7268f26d251301bc39e49cf", "action_flag": 1, "change_message": "[{\"added\": {}}]"}}, {"model": "admin.logentry", "pk": 119, "fields": {"action_time": "2024-12-22T18:53:11.975Z", "user": 2, "content_type": 15, "object_id": "14", "object_repr": "dangdungvn/home", "action_flag": 2, "change_message": "[{\"changed\": {\"fields\": [\"AddressType\"]}}]"}}, {"model": "admin.logentry", "pk": 120, "fields": {"action_time": "2024-12-25T22:26:23.939Z", "user": 2, "content_type": 9, "object_id": "3", "object_repr": "Giày", "action_flag": 2, "change_message": "[{\"changed\": {\"fields\": [\"Title\"]}}]"}}, {"model": "admin.logentry", "pk": 121, "fields": {"action_time": "2024-12-30T18:36:28.660Z", "user": 2, "content_type": 11, "object_id": "15", "object_repr": "Áo mưa", "action_flag": 2, "change_message": "[{\"changed\": {\"fields\": [\"Description\"]}}]"}}, {"model": "admin.logentry", "pk": 122, "fields": {"action_time": "2024-12-30T18:39:27.971Z", "user": 2, "content_type": 11, "object_id": "14", "object_repr": "Quần ống rộng", "action_flag": 2, "change_message": "[{\"changed\": {\"fields\": [\"Description\"]}}]"}}, {"model": "admin.logentry", "pk": 123, "fields": {"action_time": "2024-12-30T18:41:07.440Z", "user": 2, "content_type": 11, "object_id": "13", "object_repr": "Áo khoác mùa đông", "action_flag": 2, "change_message": "[{\"changed\": {\"fields\": [\"Description\"]}}]"}}, {"model": "admin.logentry", "pk": 124, "fields": {"action_time": "2024-12-30T18:46:27.474Z", "user": 2, "content_type": 11, "object_id": "10", "object_repr": "Quần Yoga", "action_flag": 2, "change_message": "[{\"changed\": {\"fields\": [\"Description\"]}}]"}}, {"model": "admin.logentry", "pk": 125, "fields": {"action_time": "2024-12-30T18:47:58.923Z", "user": 2, "content_type": 11, "object_id": "9", "object_repr": "Quần bò", "action_flag": 2, "change_message": "[{\"changed\": {\"fields\": [\"Description\"]}}]"}}, {"model": "admin.logentry", "pk": 126, "fields": {"action_time": "2024-12-30T18:49:12.249Z", "user": 2, "content_type": 11, "object_id": "8", "object_repr": "Áo len", "action_flag": 2, "change_message": "[{\"changed\": {\"fields\": [\"Description\"]}}]"}}, {"model": "admin.logentry", "pk": 127, "fields": {"action_time": "2024-12-30T18:50:43.135Z", "user": 2, "content_type": 11, "object_id": "7", "object_repr": "Mũ bóng chày", "action_flag": 2, "change_message": "[{\"changed\": {\"fields\": [\"Description\"]}}]"}}, {"model": "admin.logentry", "pk": 128, "fields": {"action_time": "2024-12-30T18:51:58.092Z", "user": 2, "content_type": 11, "object_id": "6", "object_repr": "Thắt lưng da", "action_flag": 2, "change_message": "[{\"changed\": {\"fields\": [\"Description\"]}}]"}}, {"model": "admin.logentry", "pk": 129, "fields": {"action_time": "2024-12-30T18:53:21.787Z", "user": 2, "content_type": 11, "object_id": "5", "object_repr": "Giày chạy bộ", "action_flag": 2, "change_message": "[{\"changed\": {\"fields\": [\"Description\"]}}]"}}, {"model": "admin.logentry", "pk": 130, "fields": {"action_time": "2024-12-30T19:19:59.079Z", "user": 1, "content_type": 11, "object_id": "15", "object_repr": "Áo mưa", "action_flag": 2, "change_message": "[{\"changed\": {\"fields\": [\"Description\"]}}]"}}, {"model": "admin.logentry", "pk": 131, "fields": {"action_time": "2024-12-30T19:22:02.796Z", "user": 2, "content_type": 11, "object_id": "4", "object_repr": "Áo Hoodie", "action_flag": 2, "change_message": "[{\"changed\": {\"fields\": [\"Description\"]}}]"}}, {"model": "admin.logentry", "pk": 132, "fields": {"action_time": "2024-12-30T19:23:20.248Z", "user": 2, "content_type": 11, "object_id": "3", "object_repr": "Váy", "action_flag": 2, "change_message": "[]"}}, {"model": "admin.logentry", "pk": 133, "fields": {"action_time": "2024-12-30T19:24:27.916Z", "user": 2, "content_type": 11, "object_id": "2", "object_repr": "Áo khoác bò", "action_flag": 2, "change_message": "[]"}}, {"model": "admin.logentry", "pk": 134, "fields": {"action_time": "2024-12-30T19:25:40.641Z", "user": 2, "content_type": 11, "object_id": "1", "object_repr": "Áo thun classic", "action_flag": 2, "change_message": "[]"}}, {"model": "admin.logentry", "pk": 135, "fields": {"action_time": "2025-01-06T04:42:35.899Z", "user": 2, "content_type": 4, "object_id": "6", "object_repr": "dungdannn", "action_flag": 2, "change_message": "[{\"changed\": {\"fields\": [\"Active\", \"Staff status\"]}}]"}}, {"model": "auth.user", "pk": 1, "fields": {"password": "pbkdf2_sha256$870000$mqRDsxIxQAOii2479BI2Ft$+zninF4pzeCVFRNBtbFDGHL2ILGdWGW7MYAZCtDZNRc=", "last_login": "2024-12-21T21:59:32.531Z", "is_superuser": true, "username": "FashionAdmin", "first_name": "", "last_name": "", "email": "fashion@admin.com", "is_staff": true, "is_active": true, "date_joined": "2024-11-07T15:56:15Z", "groups": [], "user_permissions": []}}, {"model": "auth.user", "pk": 2, "fields": {"password": "pbkdf2_sha256$720000$AJgXPC14HjS2iKkpbIkpWL$TRypgSrYonGFuifWauQnG96+GfwXK9dJ+0BX0tD4Mlw=", "last_login": "2025-04-23T06:29:08.696Z", "is_superuser": true, "username": "dangdungvn", "first_name": "", "last_name": "", "email": "tungmj1605@gmail.com", "is_staff": true, "is_active": true, "date_joined": "2024-11-07T16:26:27Z", "groups": [], "user_permissions": []}}, {"model": "auth.user", "pk": 3, "fields": {"password": "pbkdf2_sha256$870000$1Gq7WOf4kuF2mxaOZOXyz0$PSw2h55O/au7VmXb3/fdmAINAJVFx5ovYDTGOLlWJ6I=", "last_login": null, "is_superuser": false, "username": "dungdai", "first_name": "", "last_name": "", "email": "tung@gmail.com", "is_staff": false, "is_active": true, "date_joined": "2024-11-08T03:26:39.446Z", "groups": [], "user_permissions": []}}, {"model": "auth.user", "pk": 4, "fields": {"password": "pbkdf2_sha256$870000$1ETTlEyLp9AXvkuVI7FIeg$Fw6HEp/RvkxWTh86n4oBbym691qyoBHz/dkN/89tzus=", "last_login": null, "is_superuser": false, "username": "dungda", "first_name": "", "last_name": "", "email": "tung@gmail.com", "is_staff": false, "is_active": true, "date_joined": "2024-11-08T03:38:19.201Z", "groups": [], "user_permissions": []}}, {"model": "auth.user", "pk": 5, "fields": {"password": "pbkdf2_sha256$870000$84Pr1NyDCz4oeb6ADITMoH$3XWrtTFy9lo6eUfeBEx9DY8YX0A55SJMAR4ZLvAssmc=", "last_login": null, "is_superuser": false, "username": "dangdinhr", "first_name": "", "last_name": "", "email": "tung@gmail.com", "is_staff": false, "is_active": true, "date_joined": "2024-11-08T06:45:22.104Z", "groups": [], "user_permissions": []}}, {"model": "auth.user", "pk": 6, "fields": {"password": "pbkdf2_sha256$720000$a1Z5kbsIg3AYDthHNUEwYA$AQEG1xA1cdvuXhz/sr+gijVHDWZIch1TMFsynaAyV/k=", "last_login": "2024-12-02T01:05:22Z", "is_superuser": false, "username": "dungdannn", "first_name": "", "last_name": "", "email": "tung@gmail.com", "is_staff": true, "is_active": false, "date_joined": "2024-11-08T13:08:30Z", "groups": [], "user_permissions": []}}, {"model": "auth.user", "pk": 7, "fields": {"password": "pbkdf2_sha256$870000$cm7vuWSu4CIuFHcTrNZ0j7$TYxViJXJHI174W51L7mpIPt6cza/3lQVfmr9bkQNtBI=", "last_login": null, "is_superuser": false, "username": "dungdannnmmm", "first_name": "", "last_name": "", "email": "tung@gmail.com", "is_staff": false, "is_active": true, "date_joined": "2024-11-21T06:58:05.510Z", "groups": [], "user_permissions": []}}, {"model": "auth.user", "pk": 8, "fields": {"password": "pbkdf2_sha256$870000$rxt75UAHEJcIaYIkdPCxev$G0zkCBPYDdjpQE5vM+5kdGWaMJoVvkQAy03pj+Qu1OQ=", "last_login": null, "is_superuser": false, "username": "dungdannnmmmmm", "first_name": "", "last_name": "", "email": "tung@gmail.com", "is_staff": false, "is_active": true, "date_joined": "2024-12-02T01:06:24.713Z", "groups": [], "user_permissions": []}}, {"model": "auth.user", "pk": 9, "fields": {"password": "pbkdf2_sha256$870000$2rPeT4uypui9ZdZAmQ6AWw$iRvChcxeH975n7MKEaPt83Rr23wJalRXP3iI0bYyhiw=", "last_login": null, "is_superuser": false, "username": "dungdannnnnnm", "first_name": "", "last_name": "", "email": "tung@gmail.com", "is_staff": false, "is_active": true, "date_joined": "2024-12-04T03:38:42.283Z", "groups": [], "user_permissions": []}}, {"model": "auth.user", "pk": 10, "fields": {"password": "pbkdf2_sha256$870000$89SOP5G45jeD6cBUvGNpSk$nXeJBYHj60y02vYl/JmlUcWeDq/hRtOQApgCsgqTSZ0=", "last_login": "2024-12-04T05:42:16.450Z", "is_superuser": false, "username": "Htrang", "first_name": "", "last_name": "", "email": "trang@gmail.com", "is_staff": false, "is_active": true, "date_joined": "2024-12-04T05:40:53.946Z", "groups": [], "user_permissions": []}}, {"model": "auth.user", "pk": 11, "fields": {"password": "pbkdf2_sha256$870000$LWZjbxCfdmnYMTyxiQYY9d$OrFWwdPRqrhw9mma/t6/WseuZtKYYMLfyzN2S+i58d8=", "last_login": "2024-12-16T03:54:34.731Z", "is_superuser": false, "username": "azszdcfv", "first_name": "", "last_name": "", "email": "trangbui19032004@gmail.com", "is_staff": false, "is_active": true, "date_joined": "2024-12-04T20:57:01.242Z", "groups": [], "user_permissions": []}}, {"model": "auth.user", "pk": 12, "fields": {"password": "pbkdf2_sha256$870000$zRYJcBEToeD4Krf8RiuG7a$sb1S0XmM4WcLF4dTjw8JNsjaIvERFGarJpF1cGfOA8E=", "last_login": "2024-12-05T23:19:02.237Z", "is_superuser": false, "username": "dangdungdai", "first_name": "", "last_name": "", "email": "tung@gmail.com", "is_staff": false, "is_active": true, "date_joined": "2024-12-05T23:18:50.831Z", "groups": [], "user_permissions": []}}, {"model": "auth.user", "pk": 13, "fields": {"password": "pbkdf2_sha256$870000$D4avRtSa2TMGjGRC2JrR1A$D1aaMFd4MonB9pza50fhVwQskF+EPfvfPHs8l72p3ps=", "last_login": null, "is_superuser": false, "username": "trangbbbb", "first_name": "", "last_name": "", "email": "trangbui19032004@gmail.com", "is_staff": false, "is_active": true, "date_joined": "2024-12-12T15:45:49.190Z", "groups": [], "user_permissions": []}}, {"model": "auth.user", "pk": 14, "fields": {"password": "pbkdf2_sha256$870000$QjNfUWVCkU1562yE4cJUlq$eB8+Q3tOwV9iUmo5nJc+ErkKUG5OzyyQ4aSxJHssbyQ=", "last_login": null, "is_superuser": false, "username": "df567ghjk", "first_name": "", "last_name": "", "email": "trangbui19032004@gmail.com", "is_staff": false, "is_active": true, "date_joined": "2024-12-12T15:47:14.896Z", "groups": [], "user_permissions": []}}, {"model": "auth.user", "pk": 15, "fields": {"password": "pbkdf2_sha256$870000$wH26u7Xyn8fvOLcCr4en8s$Ja0AqFs03lJxKWwDnm4Xv6bPeetRYXM+HGvGnA99v/8=", "last_login": "2024-12-28T09:52:22.796Z", "is_superuser": false, "username": "tuanhandsome", "first_name": "", "last_name": "", "email": "tung@gmail.com", "is_staff": false, "is_active": true, "date_joined": "2024-12-28T09:51:02.606Z", "groups": [], "user_permissions": []}}, {"model": "auth.user", "pk": 16, "fields": {"password": "pbkdf2_sha256$870000$ch6sCqTQPlgChPg0OlyXm7$uqyohONV9F+S0kEJyqu/Po+UiHD10OkCINKJNSenHcM=", "last_login": "2024-12-28T18:01:28.717Z", "is_superuser": false, "username": "ngtiendaz", "first_name": "", "last_name": "", "email": "dat@gmail.com", "is_staff": false, "is_active": true, "date_joined": "2024-12-28T18:01:15.915Z", "groups": [], "user_permissions": []}}, {"model": "auth.user", "pk": 17, "fields": {"password": "pbkdf2_sha256$720000$KI5BbUGgkZyc3jGVpyp4Ej$n92y1DVMeAB30bskOuKcml7mnk8bD9nkq8Az2DhjIZo=", "last_login": null, "is_superuser": false, "username": "truong", "first_name": "", "last_name": "", "email": "truong@gmail.com", "is_staff": false, "is_active": true, "date_joined": "2025-01-01T05:55:21.566Z", "groups": [], "user_permissions": []}}, {"model": "sessions.session", "pk": "062toa1h5sa1f1v9grns6khep2u2t6gj", "fields": {"session_data": ".eJxVjDsOwjAQBe_iGlleL_5R0ucMltcfHEC2FCcV4u4QKQW0b2bei_mwrdVvIy9-TuzCJDv9bhTiI7cdpHtot85jb-syE98VftDBp57y83q4fwc1jPqtBWByWeliA4FRplgjz1E7RdY5tAqExoJBOEIoNiGRUuAkABFaEpG9P72ZNuo:1tB5UV:N9S_Qykccg96eb0gPQGLm53yCBz-W3UAIVApSq55lA8", "expire_date": "2024-11-27T05:00:31.491Z"}}, {"model": "sessions.session", "pk": "1ntcv7j6ymwqqx5xm2vns3cej8wcxlrz", "fields": {"session_data": ".eJxVjMsOwiAURP-FtSHlDS7d-w3kwr1I1dCktCvjvytJF7qbzDkzLxZh32rcO61xRnZmkp1-uwT5QW0AvEO7LTwvbVvnxIfCD9r5dUF6Xg7376BCr2NtrCbyeUIjbTFBQVI0gXeFPNhvKkI6T7kgKCd8EqgxqaCzCSSSL-z9AQFwOM8:1tWJCz:0_7Cqtxqu0FjbNFGsGUeeLphC-KuazW38RSQYlBOzwo", "expire_date": "2025-01-24T17:54:09.096Z"}}, {"model": "sessions.session", "pk": "2kw0at7px3agfmew7l7msysfp3hspufz", "fields": {"session_data": ".eJxVjDsOwjAQBe_iGlleL_5R0ucMltcfHEC2FCcV4u4QKQW0b2bei_mwrdVvIy9-TuzCJDv9bhTiI7cdpHtot85jb-syE98VftDBp57y83q4fwc1jPqtBWByWeliA4FRplgjz1E7RdY5tAqExoJBOEIoNiGRUuAkABFaEpG9P72ZNuo:1tBDuB:PZ_DDrK3XZjFEEdp8XoANiwYC5ycSJNC7wHdVJAIEFY", "expire_date": "2024-11-27T13:59:35.898Z"}}, {"model": "sessions.session", "pk": "2s84grray73gv165ss833narhslsdzpr", "fields": {"session_data": ".eJxVjDsOwjAQRO_iGllr418o6TmDteu1cQA5UpxUiLuTSCmgG817M28RcV1qXHue48jiIpQ4_XaE6ZnbDviB7T7JNLVlHknuijxol7eJ8-t6uH8HFXvd1mjOgdgn8qVYlcHTAABMDgxaGoozPmyBPBmTtSYFyiVWVuvMFDSLzxfvsjgX:1tCscC:c7XGzf2QCVkr93FTNkUfPHfj__Iv5FA97TEvHCdKkW8", "expire_date": "2024-12-02T03:39:52.021Z"}}, {"model": "sessions.session", "pk": "4jo4e5f0zcjxyybzzy6wdc9d3xvxdzgc", "fields": {"session_data": ".eJxVjDsOwjAQBe_iGlleL_5R0ucMltcfHEC2FCcV4u4QKQW0b2bei_mwrdVvIy9-TuzCJDv9bhTiI7cdpHtot85jb-syE98VftDBp57y83q4fwc1jPqtBWByWeliA4FRplgjz1E7RdY5tAqExoJBOEIoNiGRUuAkABFaEpG9P72ZNuo:1tCsl4:hW1ySf7GFIf4vOPsKF1sgi36rTt3tqoRUuT364sUGMI", "expire_date": "2024-12-02T03:49:02.915Z"}}, {"model": "sessions.session", "pk": "50ola1o8gw8oz6k5lefjnkgyecfuaby1", "fields": {"session_data": ".eJxVjMsOwiAURP-FtSHlDS7d-w3kwr1I1dCktCvjvytJF7qbzDkzLxZh32rcO61xRnZmkp1-uwT5QW0AvEO7LTwvbVvnxIfCD9r5dUF6Xg7376BCr2NtrCbyeUIjbTFBQVI0gXeFPNhvKkI6T7kgKCd8EqgxqaCzCSSSL-z9AQFwOM8:1tUFF7:Rd8IrxSbTEOtPNrC58v9wCBzm8T7WWuFDMZ7HXUs3jc", "expire_date": "2025-01-19T01:15:49.036Z"}}, {"model": "sessions.session", "pk": "59oocs2pelwxcpxq7s8x5j92ses8fsvw", "fields": {"session_data": ".eJxVjDsOwjAQBe_iGlleL_5R0ucMltcfHEC2FCcV4u4QKQW0b2bei_mwrdVvIy9-TuzCJDv9bhTiI7cdpHtot85jb-syE98VftDBp57y83q4fwc1jPqtBWByWeliA4FRplgjz1E7RdY5tAqExoJBOEIoNiGRUuAkABFaEpG9P72ZNuo:1tCsqH:hQRS8IEf8Xc3mIUhIUTSJ3Bq-SNZVjEgZ9iqVGg_9tA", "expire_date": "2024-12-02T03:54:25.542Z"}}, {"model": "sessions.session", "pk": "6lkxxyoqpqv3q1qf9c3i5nf8yjsrhirg", "fields": {"session_data": ".eJxVjDsOwjAQBe_iGlleL_5R0ucMltcfHEC2FCcV4u4QKQW0b2bei_mwrdVvIy9-TuzCJDv9bhTiI7cdpHtot85jb-syE98VftDBp57y83q4fwc1jPqtBWByWeliA4FRplgjz1E7RdY5tAqExoJBOEIoNiGRUuAkABFaEpG9P72ZNuo:1tCNSm:trpjMp61ZeGduOoMNL8586HGnLReAcuU0343mu1Agsc", "expire_date": "2024-11-30T18:24:04.751Z"}}, {"model": "sessions.session", "pk": "6mr69jrtc37ieofqd5bzyr8w0q1v82df", "fields": {"session_data": ".eJxVjDsOwjAQBe_iGlleL_5R0ucMltcfHEC2FCcV4u4QKQW0b2bei_mwrdVvIy9-TuzCJDv9bhTiI7cdpHtot85jb-syE98VftDBp57y83q4fwc1jPqtBWByWeliA4FRplgjz1E7RdY5tAqExoJBOEIoNiGRUuAkABFaEpG9P72ZNuo:1tIYe1:f6rpXfavakBrlEwrEsSv8faSS8MOIOPy5pnxq-cki1c", "expire_date": "2024-12-17T19:33:13.717Z"}}, {"model": "sessions.session", "pk": "6tx74hs6tch91pbtxvfkx76e24x5jo0r", "fields": {"session_data": ".eJxVjDsOwjAQRO_iGllr418o6TmDteu1cQA5UpxUiLuTSCmgG817M28RcV1qXHue48jiIpQ4_XaE6ZnbDviB7T7JNLVlHknuijxol7eJ8-t6uH8HFXvd1mjOgdgn8qVYlcHTAABMDgxaGoozPmyBPBmTtSYFyiVWVuvMFDSLzxfvsjgX:1tP7VU:qm0i1tkr-_C7Dcm-Gg8d_nKyYmRSHsZRZ_ZcvvofQWg", "expire_date": "2025-01-04T21:59:32.535Z"}}, {"model": "sessions.session", "pk": "9iyiilm90ja4nh4tacs7kf7njkxb2x3h", "fields": {"session_data": ".eJxVjDsOwjAQBe_iGlleL_5R0ucMltcfHEC2FCcV4u4QKQW0b2bei_mwrdVvIy9-TuzCJDv9bhTiI7cdpHtot85jb-syE98VftDBp57y83q4fwc1jPqtBWByWeliA4FRplgjz1E7RdY5tAqExoJBOEIoNiGRUuAkABFaEpG9P72ZNuo:1tBEG7:ZK513gn5kEuJt-ySjoseVoOgg3kXad2lJoMTejechTw", "expire_date": "2024-11-27T14:22:15.183Z"}}, {"model": "sessions.session", "pk": "9l0zhu9ru6lj8y93001guwgg8iu20bki", "fields": {"session_data": ".eJxVjDsOwjAQBe_iGlleL_5R0ucMltcfHEC2FCcV4u4QKQW0b2bei_mwrdVvIy9-TuzCJDv9bhTiI7cdpHtot85jb-syE98VftDBp57y83q4fwc1jPqtBWByWeliA4FRplgjz1E7RdY5tAqExoJBOEIoNiGRUuAkABFaEpG9P72ZNuo:1tCwde:3i0VW5dx18OV6T8BrE7TDNWsNxBNZRLMtixlNwgjLl8", "expire_date": "2024-12-02T07:57:38.753Z"}}, {"model": "sessions.session", "pk": "adf5hnlrjylcmisuoekvukidjl2lr3fa", "fields": {"session_data": ".eJxVjDsOwjAQBe_iGlleL_5R0ucMltcfHEC2FCcV4u4QKQW0b2bei_mwrdVvIy9-TuzCJDv9bhTiI7cdpHtot85jb-syE98VftDBp57y83q4fwc1jPqtBWByWeliA4FRplgjz1E7RdY5tAqExoJBOEIoNiGRUuAkABFaEpG9P72ZNuo:1tB7gr:YBi6Tv8Z5wCM_WgW4d9HvQZK-m6xrqPfpkJtRmuLZkc", "expire_date": "2024-11-27T07:21:25.122Z"}}, {"model": "sessions.session", "pk": "c6py3v847ifaqykidw4zv7ttq5tizekq", "fields": {"session_data": ".eJxVjDsOwjAQBe_iGlleL_5R0ucMltcfHEC2FCcV4u4QKQW0b2bei_mwrdVvIy9-TuzCJDv9bhTiI7cdpHtot85jb-syE98VftDBp57y83q4fwc1jPqtBWByWeliA4FRplgjz1E7RdY5tAqExoJBOEIoNiGRUuAkABFaEpG9P72ZNuo:1tHyj7:bWxiFs9YZVIi1VWBrDMHjk_PSJb3zOZhAvASPAiyYpU", "expire_date": "2024-12-16T05:12:05.630Z"}}, {"model": "sessions.session", "pk": "debuo7nulfzckk0gapjy3gh8ufijl7em", "fields": {"session_data": ".eJxVjMsOwiAURP-FtSHlDS7d-w3kwr1I1dCktCvjvytJF7qbzDkzLxZh32rcO61xRnZmkp1-uwT5QW0AvEO7LTwvbVvnxIfCD9r5dUF6Xg7376BCr2NtrCbyeUIjbTFBQVI0gXeFPNhvKkI6T7kgKCd8EqgxqaCzCSSSL-z9AQFwOM8:1tU7Vs:Q3oohfMWGRtrgXN3RX1l-zMUV5oCjX0pILZ66KsBaL0", "expire_date": "2025-01-18T17:00:36.867Z"}}, {"model": "sessions.session", "pk": "fmzag1blr9rul6eqw3x9zx7lzdao2o6q", "fields": {"session_data": ".eJxVjDsOwjAQBe_iGlleL_5R0ucMltcfHEC2FCcV4u4QKQW0b2bei_mwrdVvIy9-TuzCJDv9bhTiI7cdpHtot85jb-syE98VftDBp57y83q4fwc1jPqtBWByWeliA4FRplgjz1E7RdY5tAqExoJBOEIoNiGRUuAkABFaEpG9P72ZNuo:1tQuar:ZmAt4wmUVKZWMgHgXaJQM7__tpdJvRBbmG6sSVvoQ50", "expire_date": "2025-01-09T20:36:29.486Z"}}, {"model": "sessions.session", "pk": "ft0jpsw4s5iq0l9o1u6p4y6zme414b5b", "fields": {"session_data": ".eJxVjDsOwjAQBe_iGlleL_5R0ucMltcfHEC2FCcV4u4QKQW0b2bei_mwrdVvIy9-TuzCJDv9bhTiI7cdpHtot85jb-syE98VftDBp57y83q4fwc1jPqtBWByWeliA4FRplgjz1E7RdY5tAqExoJBOEIoNiGRUuAkABFaEpG9P72ZNuo:1tH2Nw:Aa9BHKuSJHtHWJ55ultqHLKNVnTYfF12hkHrZvxvEAY", "expire_date": "2024-12-13T14:54:20.472Z"}}, {"model": "sessions.session", "pk": "hdc9o60bhk33bfs8k6v66zs8ltl3lur0", "fields": {"session_data": ".eJxVjDsOwjAQBe_iGlleL_5R0ucMltcfHEC2FCcV4u4QKQW0b2bei_mwrdVvIy9-TuzCJDv9bhTiI7cdpHtot85jb-syE98VftDBp57y83q4fwc1jPqtBWByWeliA4FRplgjz1E7RdY5tAqExoJBOEIoNiGRUuAkABFaEpG9P72ZNuo:1tFTyp:Q1zI_xrsXfY2H-B1is_mipbFPmpC22YBOIy-bgGY22M", "expire_date": "2024-12-09T07:57:59.407Z"}}, {"model": "sessions.session", "pk": "i6gk626m5pibqube1y36er7xfykm1jo2", "fields": {"session_data": ".eJxVjDsOwjAQBe_iGlleL_5R0ucMltcfHEC2FCcV4u4QKQW0b2bei_mwrdVvIy9-TuzCJDv9bhTiI7cdpHtot85jb-syE98VftDBp57y83q4fwc1jPqtBWByWeliA4FRplgjz1E7RdY5tAqExoJBOEIoNiGRUuAkABFaEpG9P72ZNuo:1tI2BL:aitu2lb-jkoInYnrYUs8Y3G8b1kmo6z6wssJJ9help4", "expire_date": "2024-12-16T08:53:27.614Z"}}, {"model": "sessions.session", "pk": "mhuukhbm27udhxt0v0zdgp1kzwykxwyw", "fields": {"session_data": ".eJxVjDsOwjAQBe_iGlleL_5R0ucMltcfHEC2FCcV4u4QKQW0b2bei_mwrdVvIy9-TuzCJDv9bhTiI7cdpHtot85jb-syE98VftDBp57y83q4fwc1jPqtBWByWeliA4FRplgjz1E7RdY5tAqExoJBOEIoNiGRUuAkABFaEpG9P72ZNuo:1tIi8w:ugoDCAd1kfo3taauSwOjopfMTimE6fA6hnW4YDMtuxI", "expire_date": "2024-12-18T05:41:46.327Z"}}, {"model": "sessions.session", "pk": "ngch0vkhidqv4sqz4lazj9f62epqzzhr", "fields": {"session_data": ".eJxVjDsOwjAQBe_iGlleL_5R0ucMltcfHEC2FCcV4u4QKQW0b2bei_mwrdVvIy9-TuzCJDv9bhTiI7cdpHtot85jb-syE98VftDBp57y83q4fwc1jPqtBWByWeliA4FRplgjz1E7RdY5tAqExoJBOEIoNiGRUuAkABFaEpG9P72ZNuo:1tPO14:s8eE-SnYM0ztFJRtqMudqV3TP6a2r2CGasg5g8pz0bg", "expire_date": "2025-01-05T15:37:14.939Z"}}, {"model": "sessions.session", "pk": "nwgrqmlwbhb44cuwgwwm5z62yghxof82", "fields": {"session_data": ".eJxVjDsOwjAQRO_iGllr418o6TmDteu1cQA5UpxUiLuTSCmgG817M28RcV1qXHue48jiIpQ4_XaE6ZnbDviB7T7JNLVlHknuijxol7eJ8-t6uH8HFXvd1mjOgdgn8qVYlcHTAABMDgxaGoozPmyBPBmTtSYFyiVWVuvMFDSLzxfvsjgX:1t94st:BivSqS5OXzwdDyUN1Fz3yqMiN3HUEII-fgFvYKaLSUU", "expire_date": "2024-11-21T15:57:23.825Z"}}, {"model": "sessions.session", "pk": "pxemhmmof86wypeol3jsyavx3686p25j", "fields": {"session_data": ".eJxVjDsOwjAQBe_iGlleL_5R0ucMltcfHEC2FCcV4u4QKQW0b2bei_mwrdVvIy9-TuzCJDv9bhTiI7cdpHtot85jb-syE98VftDBp57y83q4fwc1jPqtBWByWeliA4FRplgjz1E7RdY5tAqExoJBOEIoNiGRUuAkABFaEpG9P72ZNuo:1tBabx:Dvu1knijDE2xMdpaccyHs-YRxNbjWLHF0FKVUzIFPMg", "expire_date": "2024-11-28T14:14:17.414Z"}}, {"model": "sessions.session", "pk": "q7vpqzkkiqtrf4xd57y23apfmw093dia", "fields": {"session_data": ".eJxVjDsOwjAQBe_iGlleL_5R0ucMltcfHEC2FCcV4u4QKQW0b2bei_mwrdVvIy9-TuzCJDv9bhTiI7cdpHtot85jb-syE98VftDBp57y83q4fwc1jPqtBWByWeliA4FRplgjz1E7RdY5tAqExoJBOEIoNiGRUuAkABFaEpG9P72ZNuo:1tIZ99:rFVoe1itDupcADVBAfeXQ2CTGkytgiPD71H6wTgWC6o", "expire_date": "2024-12-17T20:05:23.926Z"}}, {"model": "sessions.session", "pk": "qxv4frpkm4h2700xnnk06h6r7xg3v2qz", "fields": {"session_data": ".eJxVjDsOwjAQBe_iGlleL_5R0ucMltcfHEC2FCcV4u4QKQW0b2bei_mwrdVvIy9-TuzCJDv9bhTiI7cdpHtot85jb-syE98VftDBp57y83q4fwc1jPqtBWByWeliA4FRplgjz1E7RdY5tAqExoJBOEIoNiGRUuAkABFaEpG9P72ZNuo:1tBANi:K-MsKuDxbE5vv7zdUjuqWC1CDAn4G1ifLFoD5YtVK88", "expire_date": "2024-11-27T10:13:50.535Z"}}, {"model": "sessions.session", "pk": "rjl4axvdhi51gdnlpn3w1zinxe12zptp", "fields": {"session_data": ".eJxVjMsOwiAURP-FtSHlDS7d-w3kwr1I1dCktCvjvytJF7qbzDkzLxZh32rcO61xRnZmkp1-uwT5QW0AvEO7LTwvbVvnxIfCD9r5dUF6Xg7376BCr2NtrCbyeUIjbTFBQVI0gXeFPNhvKkI6T7kgKCd8EqgxqaCzCSSSL-z9AQFwOM8:1tUexp:T6yc5-t2o0cRWoLphRKQ6VeRxVEAeZ2yPqsjJt8xz8s", "expire_date": "2025-01-20T04:43:41.052Z"}}, {"model": "sessions.session", "pk": "shtxdbsjkpbqt82fiax5w5jpwtr3c91v", "fields": {"session_data": ".eJxVjDsOwjAQBe_iGlleL_5R0ucMltcfHEC2FCcV4u4QKQW0b2bei_mwrdVvIy9-TuzCJDv9bhTiI7cdpHtot85jb-syE98VftDBp57y83q4fwc1jPqtBWByWeliA4FRplgjz1E7RdY5tAqExoJBOEIoNiGRUuAkABFaEpG9P72ZNuo:1tNQ5a:gVowPvDdd_lIwu_JOY0Cmm9gIuiHa_mA6EYkwyKee08", "expire_date": "2024-12-31T05:25:46.640Z"}}, {"model": "sessions.session", "pk": "sjla4wg2b1qvtbojyl15xi38867lj0nc", "fields": {"session_data": ".eJxVjDsOwjAQBe_iGlleL_5R0ucMltcfHEC2FCcV4u4QKQW0b2bei_mwrdVvIy9-TuzCJDv9bhTiI7cdpHtot85jb-syE98VftDBp57y83q4fwc1jPqtBWByWeliA4FRplgjz1E7RdY5tAqExoJBOEIoNiGRUuAkABFaEpG9P72ZNuo:1tH3ID:3MGNbmLU33xs_JD9378ZvHHWuDSyuJHBHS6GwDo40rs", "expire_date": "2024-12-13T15:52:29.890Z"}}, {"model": "sessions.session", "pk": "tt7s1j3u3x8o5gukohqugll1tlstcjpq", "fields": {"session_data": ".eJxVjDsOwjAQBe_iGlleL_5R0ucMltcfHEC2FCcV4u4QKQW0b2bei_mwrdVvIy9-TuzCJDv9bhTiI7cdpHtot85jb-syE98VftDBp57y83q4fwc1jPqtBWByWeliA4FRplgjz1E7RdY5tAqExoJBOEIoNiGRUuAkABFaEpG9P72ZNuo:1tErR3:4qQXj5uixdSlG9qkF5ZivYNtP7I-UjGPrlqWiBa_Nkw", "expire_date": "2024-12-07T14:48:33.792Z"}}, {"model": "sessions.session", "pk": "ueom4gg0kgszvd1dxcdjfui1nnpni7gw", "fields": {"session_data": ".eJxVjMsOwiAURP-FtSHlDS7d-w3kwr1I1dCktCvjvytJF7qbzDkzLxZh32rcO61xRnZmkp1-uwT5QW0AvEO7LTwvbVvnxIfCD9r5dUF6Xg7376BCr2NtrCbyeUIjbTFBQVI0gXeFPNhvKkI6T7kgKCd8EqgxqaCzCSSSL-z9AQFwOM8:1u6Q7o:bq-CxSG7_2ohCYZc1lMbrB5oxysq9pAVvdpaRlARYsw", "expire_date": "2025-05-04T08:34:04.437Z"}}, {"model": "sessions.session", "pk": "upzdt61u28ir7ci1i7ghr243ecif07pu", "fields": {"session_data": ".eJxVjDsOwjAQBe_iGlleL_5R0ucMltcfHEC2FCcV4u4QKQW0b2bei_mwrdVvIy9-TuzCJDv9bhTiI7cdpHtot85jb-syE98VftDBp57y83q4fwc1jPqtBWByWeliA4FRplgjz1E7RdY5tAqExoJBOEIoNiGRUuAkABFaEpG9P72ZNuo:1tB83B:WzPPi6YvyaHI2xrPVzHkfdlcZmy-d85FV6QeVEjIayk", "expire_date": "2024-11-27T07:44:29.514Z"}}, {"model": "sessions.session", "pk": "uy6o8c6e9y5xu5fln5k8s2oq9pzgajvi", "fields": {"session_data": ".eJxVjDsOwjAQBe_iGlleL_5R0ucMltcfHEC2FCcV4u4QKQW0b2bei_mwrdVvIy9-TuzCJDv9bhTiI7cdpHtot85jb-syE98VftDBp57y83q4fwc1jPqtBWByWeliA4FRplgjz1E7RdY5tAqExoJBOEIoNiGRUuAkABFaEpG9P72ZNuo:1tNoiY:wutvrTfLFv-iKTCAy6ZQLZdUtsXVIUek3TGkMR0FI3Q", "expire_date": "2025-01-01T07:43:38.298Z"}}, {"model": "sessions.session", "pk": "vq5zchm6rxv336c64n4gs6ov5t8gjfvx", "fields": {"session_data": ".eJxVjDsOwjAQBe_iGlleL_5R0ucMltcfHEC2FCcV4u4QKQW0b2bei_mwrdVvIy9-TuzCJDv9bhTiI7cdpHtot85jb-syE98VftDBp57y83q4fwc1jPqtBWByWeliA4FRplgjz1E7RdY5tAqExoJBOEIoNiGRUuAkABFaEpG9P72ZNuo:1tBa1b:lSY70uORUcvIUs1jIXhEq2kODNQICEWuPg6iERhipkc", "expire_date": "2024-11-28T13:36:43.460Z"}}, {"model": "sessions.session", "pk": "ycmwre2cjgcyde3g2zf8ar0xwtdq1eyo", "fields": {"session_data": ".eJxVjDsOwjAQRO_iGllr418o6TmDteu1cQA5UpxUiLuTSCmgG817M28RcV1qXHue48jiIpQ4_XaE6ZnbDviB7T7JNLVlHknuijxol7eJ8-t6uH8HFXvd1mjOgdgn8qVYlcHTAABMDgxaGoozPmyBPBmTtSYFyiVWVuvMFDSLzxfvsjgX:1t9DW8:AGJdZuSG2nJilPcHAffD_LO3N8dYR4dyDiPpxNFBtUY", "expire_date": "2024-11-22T01:10:28.018Z"}}, {"model": "sessions.session", "pk": "z36nyknzs4vjuggp6jkjealrvdnvb6ye", "fields": {"session_data": ".eJxVjDsOwjAQBe_iGlleL_5R0ucMltcfHEC2FCcV4u4QKQW0b2bei_mwrdVvIy9-TuzCJDv9bhTiI7cdpHtot85jb-syE98VftDBp57y83q4fwc1jPqtBWByWeliA4FRplgjz1E7RdY5tAqExoJBOEIoNiGRUuAkABFaEpG9P72ZNuo:1tB873:pH7gtl63mrm5aduMGrIrKhUrp4cz162L2DWPovwUgr8", "expire_date": "2024-11-27T07:48:29.724Z"}}, {"model": "sessions.session", "pk": "zib6215gvfshzccw4r2gxqd3emfqlr8j", "fields": {"session_data": ".eJxVjDsOwjAQBe_iGlleL_5R0ucMltcfHEC2FCcV4u4QKQW0b2bei_mwrdVvIy9-TuzCJDv9bhTiI7cdpHtot85jb-syE98VftDBp57y83q4fwc1jPqtBWByWeliA4FRplgjz1E7RdY5tAqExoJBOEIoNiGRUuAkABFaEpG9P72ZNuo:1tFU0M:sUwzIwHbl-qHBBUf9gUQc1iIYrmn0dp44dGeL2HB3vY", "expire_date": "2024-12-09T07:59:34.497Z"}}, {"model": "authtoken.token", "pk": "191e4f4093d246c74d97b38b570667caf9344ccf", "fields": {"user": 16, "created": "2024-12-28T18:01:28.713Z"}}, {"model": "authtoken.token", "pk": "1f721e153f6674f7637db5b841f84a57e8ea3637", "fields": {"user": 12, "created": "2024-12-05T23:19:02.232Z"}}, {"model": "authtoken.token", "pk": "24abac65e3226588bf82a70969aa7889e173e324", "fields": {"user": 15, "created": "2024-12-28T09:52:22.792Z"}}, {"model": "authtoken.token", "pk": "33f2efa4597088fa717c097b5356f7dcab9f9746", "fields": {"user": 11, "created": "2024-12-04T20:57:41.609Z"}}, {"model": "authtoken.token", "pk": "48a06eb2cc267cdcc7268f26d251301bc39e49cf", "fields": {"user": 13, "created": "2024-12-21T23:32:21.036Z"}}, {"model": "authtoken.token", "pk": "5374701ec02bb7a0e9002788cc924d482bb0aff3", "fields": {"user": 10, "created": "2024-12-04T05:42:16.446Z"}}, {"model": "authtoken.token", "pk": "88d3894a2c3a595da130272aaf231c98659b433b", "fields": {"user": 1, "created": "2024-11-07T16:29:50.006Z"}}, {"model": "authtoken.token", "pk": "8ca2bfc5e973a13c599d64df8f06693c36ece9f8", "fields": {"user": 6, "created": "2024-11-21T06:56:35.468Z"}}, {"model": "authtoken.token", "pk": "e3468032076811eaa5db6db7466219fb33c130aa", "fields": {"user": 2, "created": "2024-12-16T22:25:21.518Z"}}, {"model": "core.category", "pk": 1, "fields": {"title": "Quần", "imageUrl": "https://firebasestorage.googleapis.com/v0/b/authenification-b4dc9.appspot.com/o/uploads%2Fjeans.svg?alt=media&token=eb62f916-a4c2-441a-a469-5684f1a62526"}}, {"model": "core.category", "pk": 2, "fields": {"title": "Áo phông", "imageUrl": "https://firebasestorage.googleapis.com/v0/b/authenification-b4dc9.appspot.com/o/uploads%2Fjersey.svg?alt=media&token=6ca7eabd-54b3-47bb-bb8f-41c3a8920171"}}, {"model": "core.category", "pk": 3, "fields": {"title": "Giày", "imageUrl": "https://firebasestorage.googleapis.com/v0/b/authenification-b4dc9.appspot.com/o/uploads%2Frunning_shoe.svg?alt=media&token=0dcb0e57-315e-457c-89dc-1233f6421368"}}, {"model": "core.category", "pk": 4, "fields": {"title": "Váy", "imageUrl": "https://firebasestorage.googleapis.com/v0/b/authenification-b4dc9.appspot.com/o/uploads%2Fdress.svg?alt=media&token=cf832383-4c8a-4ee1-9676-b66c4d515a1c"}}, {"model": "core.category", "pk": 5, "fields": {"title": "Áo khoác", "imageUrl": "https://firebasestorage.googleapis.com/v0/b/authenification-b4dc9.appspot.com/o/uploads%2Fjacket.svg?alt=media&token=ffdc9a1e-917f-4e8f-b58e-4df2e6e8587e"}}, {"model": "core.category", "pk": 6, "fields": {"title": "Mũ", "imageUrl": "https://www.svgrepo.com/show/508373/baseball-cap.svg"}}, {"model": "core.brand", "pk": 1, "fields": {"title": "Louis Vuitton", "imageUrl": "https://firebasestorage.googleapis.com/v0/b/authenification-b4dc9.appspot.com/o/uploads%2Fjacket.svg?alt=media&token=ffdc9a1e-917f-4e8f-b58e-4df2e6e8587e"}}, {"model": "core.brand", "pk": 2, "fields": {"title": "Vans", "imageUrl": "https://firebasestorage.googleapis.com/v0/b/authenification-b4dc9.appspot.com/o/uploads%2Fdress.svg?alt=media&token=cf832383-4c8a-4ee1-9676-b66c4d515a1c"}}, {"model": "core.brand", "pk": 3, "fields": {"title": "Converse", "imageUrl": "https://firebasestorage.googleapis.com/v0/b/authenification-b4dc9.appspot.com/o/uploads%2Frunning_shoe.svg?alt=media&token=0dcb0e57-315e-457c-89dc-1233f6421368"}}, {"model": "core.brand", "pk": 4, "fields": {"title": "Nike", "imageUrl": "https://firebasestorage.googleapis.com/v0/b/authenification-b4dc9.appspot.com/o/uploads%2Fjersey.svg?alt=media&token=6ca7eabd-54b3-47bb-bb8f-41c3a8920171"}}, {"model": "core.brand", "pk": 5, "fields": {"title": "Adidas", "imageUrl": "https://firebasestorage.googleapis.com/v0/b/authenification-b4dc9.appspot.com/o/uploads%2Fjeans.svg?alt=media&token=eb62f916-a4c2-441a-a469-5684f1a62526"}}, {"model": "core.brand", "pk": 6, "fields": {"title": "The North Face", "imageUrl": "https://www.svgrepo.com/show/530616/bag.svg"}}, {"model": "core.brand", "pk": 7, "fields": {"title": "Ralph Lauren", "imageUrl": "https://www.svgrepo.com/show/423842/shirt-origami-paper.svg"}}, {"model": "core.product", "pk": 1, "fields": {"title": "Áo thun classic", "price": 19.99, "description": "Một thiết kế cổ điển vượt thời gian, chiếc áo phông này mang đến sự kết hợp hoàn hảo giữa sự thoải mái và phong cách. Được làm từ chất liệu cotton mềm mại và thoáng khí, áo rất lý tưởng cho những buổi dạo chơi, tập luyện hoặc thư giãn tại nhà. Vải áo nhẹ nhưng bền, đảm bảo sử dụng lâu dài. Có sẵn với nhiều màu sắc, chiếc áo phông này phối hợp tốt với quần jeans, quần short hoặc mặc bên trong áo khoác. Cho dù bạn đến phòng gym hay đi uống cà phê với bạn bè, chiếc áo phông này mang lại sự linh hoạt và phong cách không thể sánh bằng.", "is_featured": true, "clothesType": "unisex", "ratings": 3.0, "category": 2, "brand": 5, "colors": ["black", "white", "navy", "orange", "grey"], "sizes": ["S", "M", "L", "XL"], "imageUrls": ["https://www.stussy.com/cdn/shop/files/1905054_BLAC_1.jpg?v=1728313816&width=1920", "https://www.stussy.com/cdn/shop/files/1905035_WHIT_1.jpg?v=1722969136&width=1920", "https://www.stussy.com/cdn/shop/files/1905000_NAVY_2_7f38977a-c70f-4d83-9205-6d0a451cf43a.jpg?v=1728313811&width=1920", "https://www.stussy.com/cdn/shop/files/1905095_ORAN_2.jpg?v=1727341880&width=1920", "https://www.stussy.com/cdn/shop/files/1905092_FOGG_2.jpg?v=1725557768&width=1920", "https://www.stussy.com/cdn/shop/files/1995000_BLAC_1_7904df08-09af-41b7-a585-8c1f51f206b5.jpg?v=1728313902&width=1920"], "created_at": "2024-11-08T13:16:21Z"}}, {"model": "core.product", "pk": 2, "fields": {"title": "Áo khoác bò", "price": 49.99, "description": "Giữ ấm và phong cách với chiếc áo khoác denim cao cấp của chúng tôi. Được thiết kế vừa đẹp mắt vừa tiện dụng, chiếc áo khoác này được làm từ chất liệu denim chất lượng cao, mang lại cảm giác dễ chịu và bền bỉ khi sử dụng hàng ngày. Với thiết kế cài khuy cổ điển, áo là một sự bổ sung đa năng cho bất kỳ tủ đồ nào. Kết hợp với quần jeans để có vẻ ngoài mạnh mẽ, hoặc mặc cùng áo hoodie để tăng thêm sự ấm áp. Với sức hút vượt thời gian, chiếc áo khoác denim này là món đồ không thể thiếu cho bất kỳ ai yêu thích phong cách.", "is_featured": false, "clothesType": "men", "ratings": 4.7, "category": 5, "brand": 1, "colors": ["denim blue", "black"], "sizes": ["M", "L", "XL"], "imageUrls": ["https://i.pinimg.com/originals/1a/5c/39/1a5c39d943b3b63cfa703f0baeba9c51.jpg", "https://originalballers.com/wp-content/uploads/2020/09/Screen-Shot-2020-09-08-at-5.13.51-pm-1536x1182.png"], "created_at": "2023-10-15T12:00:00Z"}}, {"model": "core.product", "pk": 3, "fields": {"title": "Váy", "price": 29.99, "description": "Chiếc váy mùa hè xinh đẹp này là lựa chọn hoàn hảo cho những ngày nắng ấm và các buổi dạo chơi ngoài trời. Được làm từ chất liệu nhẹ nhàng, thoáng khí, váy mang lại sự uyển chuyển trong từng bước đi. Thiết kế với dáng chữ A tôn dáng, phù hợp với nhiều kiểu cơ thể khác nhau. Kết hợp với dép sandal để tạo phong cách casual cho một ngày dạo phố, hoặc đi cùng giày cao gót cho các sự kiện buổi tối. Có sẵn với nhiều màu sắc rực rỡ, chiếc váy này vừa đa năng vừa phong cách.", "is_featured": true, "clothesType": "women", "ratings": 3.4, "category": 4, "brand": 1, "colors": ["yellow", "white", "green"], "sizes": ["S", "M", "L"], "imageUrls": ["https://i.pinimg.com/736x/da/79/14/da79147c05234a2202e93867741307ac.jpg", "https://i.pinimg.com/originals/51/20/b8/5120b876b2632986c8f2ebc018f335ee.jpg", "https://a.1stdibscdn.com/louis-vuitton-cocktail-green-silk-dress-for-sale/1121189/v_110517021607760241014/11051702_master.jpg?disable=upscale&auto=webp&quality=60&width=800"], "created_at": "2023-11-01T12:00:00Z"}}, {"model": "core.product", "pk": 4, "fields": {"title": "Áo Hoodie", "price": 39.99, "description": "Áo nỉ trùm đầu của chúng tôi được thiết kế để mang lại sự thoải mái và ấm áp tối ưu. Được làm từ vải nỉ mềm mại, hoàn hảo cho những ngày lạnh giá. Áo hoodie có túi kangaroo và mũ trùm đầu có dây rút có thể điều chỉnh, vừa thời trang vừa tiện dụng. Mặc với quần jean hoặc quần chạy bộ để có vẻ ngoài thoải mái. Áo nỉ này lý tưởng cho các buổi tập luyện, tụ tập thường ngày hoặc chỉ đơn giản là thư giãn ở nhà.", "is_featured": false, "clothesType": "unisex", "ratings": 2.3333333333333335, "category": 5, "brand": 5, "colors": ["red", "black", "brown"], "sizes": ["S", "M", "L", "XL"], "imageUrls": ["https://product.hstatic.net/1000306633/product/hd_t53938__1__445eefbd6a0e48aeb444ab6e6e1bab59.jpg", "https://product.hstatic.net/1000306633/product/dsc04204_24d6e9a4b37d4f84b50df61f347e7da1.jpg", "https://product.hstatic.net/1000306633/product/hd_t53905_0e19c45eb6fa4104b8669fa5d630cf31.jpg"], "created_at": "2023-10-01T12:00:00Z"}}, {"model": "core.product", "pk": 5, "fields": {"title": "Giày chạy bộ", "price": 59.99, "description": "Trải nghiệm sự thoải mái và hiệu suất tối ưu với giày chạy bộ của chúng tôi. Được thiết kế cho những người năng động, những đôi giày này cung cấp khả năng hỗ trợ và đệm tuyệt vời, khiến chúng trở nên lý tưởng để chạy, chạy bộ hoặc mặc hàng ngày. Chất liệu nhẹ đảm bảo cảm giác thoáng khí, trong khi đế giày chắc chắn mang lại độ bám đáng tin cậy. Những đôi giày này có nhiều màu sắc khác nhau để phù hợp với phong cách cá nhân của bạn.", "is_featured": true, "clothesType": "unisex", "ratings": 3.3, "category": 3, "brand": 3, "colors": ["white", "black", "blue"], "sizes": ["8", "9", "10", "11"], "imageUrls": ["https://images.puma.com/image/upload/f_auto,q_auto,b_rgb:fafafa,w_600,h_600/global/309707/10/sv01/fnd/PNA/fmt/png/Deviate-NITRO%E2%84%A2-3-Men's-Running-Shoes", "https://images.puma.com/image/upload/f_auto,q_auto,b_rgb:fafafa,w_600,h_600/global/309707/02/sv01/fnd/PNA/fmt/png/Deviate-NITRO%E2%84%A2-3-Men's-Running-Shoes", "https://images.puma.com/image/upload/f_auto,q_auto,b_rgb:fafafa,w_600,h_600/global/309707/05/sv01/fnd/PNA/fmt/png/Deviate-NITRO%E2%84%A2-3-Men's-Running-Shoes"], "created_at": "2023-11-01T12:00:00Z"}}, {"model": "core.product", "pk": 6, "fields": {"title": "Thắt lưng da", "price": 24.99, "description": "Được chế tác từ da chất lượng cao, chiếc thắt lưng này vừa bền vừa thời trang. Hoàn hảo để thêm nét sang trọng cho trang phục của bạn, dù là trang trọng hay giản dị. Thắt lưng có thể điều chỉnh và có nhiều kích cỡ khác nhau để vừa vặn thoải mái với nhiều vòng eo khác nhau. Thiết kế thanh lịch và lớp hoàn thiện mịn màng khiến nó trở thành một vật dụng thiết yếu trong tủ quần áo.", "is_featured": false, "clothesType": "men", "ratings": 3.0, "category": 1, "brand": 1, "colors": ["brown", "black"], "sizes": ["M", "L", "XL"], "imageUrls": ["https://product-images.therealreal.com/LOU984452_1_enlarged.jpg?width=1500", "https://product-images.therealreal.com/LOU985760_1_enlarged.jpg?width=1500"], "created_at": "2023-09-30T12:00:00Z"}}, {"model": "core.product", "pk": 7, "fields": {"title": "Mũ bóng chày", "price": 14.99, "description": "Chiếc mũ bóng chày này là phụ kiện hoàn hảo cho những ngày nắng. Được làm từ chất liệu nhẹ, thoáng khí, mũ bảo vệ bạn khỏi ánh nắng mặt trời đồng thời tăng thêm nét thể thao cho vẻ ngoài của bạn. Chiếc mũ có dây đeo có thể điều chỉnh để vừa vặn thoải mái và có nhiều màu sắc để phù hợp với mọi trang phục.", "is_featured": false, "clothesType": "unisex", "ratings": 1.0, "category": 6, "brand": 5, "colors": ["black", "pink", "beige"], "sizes": ["One Size"], "imageUrls": ["https://assets.adidas.com/images/h_840,f_auto,q_auto,fl_lossy,c_fill,g_auto/de1f220f2167420ba9d1afcd0022ad01_9366/Big_Tonal_Logo_Baseball_Hat_Black_HZ3045_01_standard.jpg", "https://assets.adidas.com/images/h_840,f_auto,q_auto,fl_lossy,c_fill,g_auto/ec584bf3af9b4abb830341a0326d9edb_9366/Big_Tonal_Logo_Baseball_Hat_Pink_IY7680_01_standard.jpg", "https://assets.adidas.com/images/h_840,f_auto,q_auto,fl_lossy,c_fill,g_auto/186fe6bd8a7b458387d7611ac097441a_9366/Camo_Baseball_Cap_Beige_IX7487_01_standard.jpg", "https://caper.vn/wp-content/uploads/2023/01/9F2B5D9B-C990-4D29-BD72-BC2193625CA8-scaled.jpeg"], "created_at": "2023-11-01T12:00:00Z"}}, {"model": "core.product", "pk": 8, "fields": {"title": "Áo len", "price": 34.99, "description": "Giữ ấm và thoải mái với chiếc áo len chui đầu mềm mại này. Hoàn hảo cho thời tiết mát mẻ, áo có kiểu dáng thoải mái và chất vải nhẹ, tạo cảm giác tuyệt vời trên da. Có nhiều màu sắc, chiếc áo len này có thể kết hợp với quần jeans hoặc quần chinos để có vẻ ngoài sành điệu.", "is_featured": true, "clothesType": "unisex", "ratings": 3.0, "category": 5, "brand": 5, "colors": ["black", "white", "green"], "sizes": ["S", "M", "L", "XL"], "imageUrls": ["https://assets.adidas.com/images/h_840,f_auto,q_auto,fl_lossy,c_fill,g_auto/5929dee2ab0f4953b137051f7a4b9816_9366/Coze_Pullover_Sweater_Black_JD5127_21_model.jpg", "https://assets.adidas.com/images/h_840,f_auto,q_auto,fl_lossy,c_fill,g_auto/31f1a1c5e1634dc09303d30b0533476c_9366/Coze_Pullover_Sweater_Beige_JI5855_21_model.jpg", "https://assets.adidas.com/images/h_840,f_auto,q_auto,fl_lossy,c_fill,g_auto/699997dd71cc44518e17ca624de98911_9366/Coze_Pullover_Sweater_Green_JD5125_25_model.jpg"], "created_at": "2023-11-01T12:00:00Z"}}, {"model": "core.product", "pk": 9, "fields": {"title": "Quần bò", "price": 44.99, "description": "Những chiếc quần jeans ôm vừa vặn này được thiết kế để có vẻ ngoài bóng bẩy, hiện đại. Được làm từ vải denim chất lượng cao, chúng mang lại sự thoải mái với một chút co giãn. Có nhiều sắc thái khác nhau, những chiếc quần jeans này hoàn hảo cho cả bối cảnh thường ngày và bán trang trọng.", "is_featured": false, "clothesType": "men", "ratings": 4.8, "category": 1, "brand": 2, "colors": ["dark blue", "light blue", "black"], "sizes": ["30", "32", "34", "36"], "imageUrls": ["https://media.kohlsimg.com/is/image/kohls/5178_Dark_Stonewash?wid=805&hei=805&op_sharpen=1", "https://media.kohlsimg.com/is/image/kohls/5178_Bleach?wid=805&hei=805&op_sharpen=1", "https://media.kohlsimg.com/is/image/kohls/5178_Black?wid=805&hei=805&op_sharpen=1"], "created_at": "2023-10-20T12:00:00Z"}}, {"model": "core.product", "pk": 10, "fields": {"title": "Quần Yoga", "price": 29.99, "description": "Hoàn hảo cho việc tập luyện hoặc thư giãn, quần yoga này được làm từ vải mềm, co giãn chuyển động theo bạn. Chúng có cạp cao để tăng thêm sự hỗ trợ và thoải mái. Có nhiều màu sắc và kích cỡ khác nhau, quần này là trang phục thiết yếu cho bất kỳ tủ đồ năng động nào.", "is_featured": true, "clothesType": "women", "ratings": 3.6, "category": 1, "brand": 5, "colors": ["black", "gray", "purple"], "sizes": ["S", "M", "L"], "imageUrls": ["https://assets.adidas.com/images/h_840,f_auto,q_auto,fl_lossy,c_fill,g_auto/884aae15f0f24923b76d99a35087df33_9366/All_Me_7-8_Leggings_Black_IL7324_01_laydown.jpg", "https://assets.adidas.com/images/h_840,f_auto,q_auto,fl_lossy,c_fill,g_auto/f1098b7e2b3d4913abedef0916163466_9366/All_Me_7-8_Leggings_Grey_IT9150_01_laydown.jpg", "https://assets.adidas.com/images/h_840,f_auto,q_auto,fl_lossy,c_fill,g_auto/7d70572f05094d76b76672a51047b064_9366/All_Me_7-8_Leggings_Purple_IX0187_01_laydown.jpg"], "created_at": "2023-11-01T12:00:00Z"}}, {"model": "core.product", "pk": 11, "fields": {"title": "Giày thể thao", "price": 54.99, "description": "These casual sneakers are both stylish and comfortable, making them a great choice for everyday wear. Featuring a cushioned sole and a breathable upper, they’re designed to keep your feet happy all day long. Pair them with jeans or shorts for a laid-back look.", "is_featured": false, "clothesType": "unisex", "ratings": 3.0, "category": 3, "brand": 5, "colors": ["white", "gray", "blue"], "sizes": ["7", "8", "9", "10", "11"], "imageUrls": ["https://assets.adidas.com/images/h_840,f_auto,q_auto,fl_lossy,c_fill,g_auto/d54a6ff6c8404a14bf3afa0df95c7fa7_9366/VL_Court_3.0_Low_Shoes_White_ID9070_01_standard.jpg", "https://assets.adidas.com/images/h_840,f_auto,q_auto,fl_lossy,c_fill,g_auto/0355f74af76f491194d4c89bec74b0fc_9366/VL_Court_3.0_Shoes_Grey_ID6280_01_standard.jpg", "https://assets.adidas.com/images/h_840,f_auto,q_auto,fl_lossy,c_fill,g_auto/f81a93942800473fa6cbaf7b00b2d48b_9366/Campus_00s_Shoes_Blue_H03471_01_standard.jpg"], "created_at": "2023-10-25T12:00:00Z"}}, {"model": "core.product", "pk": 12, "fields": {"title": "Áo sơ mi", "price": 39.99, "description": "This formal dress shirt is perfect for the office or special occasions. It is made from high-quality cotton, providing a comfortable fit and a crisp appearance. Available in classic colors and sizes, it pairs well with dress pants or jeans.", "is_featured": false, "clothesType": "men", "ratings": 4.6, "category": 5, "brand": 7, "colors": ["white", "light blue", "gray"], "sizes": ["S", "M", "L", "XL"], "imageUrls": ["https://i.ebayimg.com/images/g/bh4AAOSwfONlxC3e/s-l960.webp", "https://i.ebayimg.com/images/g/8QsAAOSw91ZlxC32/s-l960.webp", "https://i.ebayimg.com/images/g/bncAAOSwE21lxC4E/s-l960.webp"], "created_at": "2023-09-28T12:00:00Z"}}, {"model": "core.product", "pk": 13, "fields": {"title": "Áo khoác mùa đông", "price": 89.99, "description": "Giữ ấm và phong cách với chiếc áo khoác mùa đông này. Được làm từ chất liệu bền, cách nhiệt, nó mang lại sự ấm áp đặc biệt ngay cả trong những ngày lạnh nhất. Chiếc áo khoác này có thiết kế hiện đại và có sẵn các màu trung tính, giúp bạn dễ dàng kết hợp với mọi trang phục.", "is_featured": true, "clothesType": "unisex", "ratings": 4.9, "category": 5, "brand": 6, "colors": ["black", "gray", "navy"], "sizes": ["M", "L", "XL"], "imageUrls": ["https://assets.peterglenn.com/jpg/1000x1000/65589_001_BLK_LG.jpg", "https://i.pinimg.com/originals/f7/c1/2c/f7c12c213599371e9b02d385b155cea0.jpg", "https://images.wehkamp.nl/i/wehkamp/16142455_pb_01/the-north-face-winterjas-zwart-donkerblauw-0191930352663.jpg?w=1600"], "created_at": "2023-10-05T12:00:00Z"}}, {"model": "core.product", "pk": 14, "fields": {"title": "Quần ống rộng", "price": 39.99, "description": "Quần cargo này lý tưởng cho cả những chuyến phiêu lưu ngoài trời và trang phục thường ngày. Có nhiều túi tiện lợi và được làm từ chất liệu bền, vừa thiết thực vừa thời trang.", "is_featured": false, "clothesType": "men", "ratings": 2.5, "category": 1, "brand": 2, "colors": ["khaki", "green", "black"], "sizes": ["30", "32", "34", "36"], "imageUrls": ["https://www.stussy.com/cdn/shop/files/116668_OLIV_1_1d65a5ab-8c73-41d0-aafd-af9813d26caa.jpg?v=1725481283&width=1920", "https://www.stussy.com/cdn/shop/files/116687_SGRE_1.jpg?v=1729198135&width=1920", "https://www.stussy.com/cdn/shop/files/116668_BLAC_1.jpg?v=1725403109&width=1920"], "created_at": "2023-11-01T12:00:00Z"}}, {"model": "core.product", "pk": 15, "fields": {"title": "Áo mưa", "price": 59.99, "description": "Áo mưa nhưng che được cả nắng nhưng ko che được cho em", "is_featured": true, "clothesType": "unisex", "ratings": 4.8, "category": 5, "brand": 2, "colors": ["black", "yellow", "green"], "sizes": ["S", "M", "L", "XL"], "imageUrls": ["https://firebasestorage.googleapis.com/v0/b/foodapptung.appspot.com/o/Aomua.png?alt=media&token=fbadae69-9fca-4810-a67a-b67b1c30f789", "https://aomuakhaihoan.com/wp-content/uploads/2015/08/ao-di-mua-nam-nu-1.jpg"], "created_at": "2023-11-01T12:00:00Z"}}, {"model": "wishlist.wishlist", "pk": 369, "fields": {"product": 10, "userId": 11}}, {"model": "wishlist.wishlist", "pk": 378, "fields": {"product": 2, "userId": 16}}, {"model": "wishlist.wishlist", "pk": 379, "fields": {"product": 13, "userId": 16}}, {"model": "wishlist.wishlist", "pk": 380, "fields": {"product": 7, "userId": 16}}, {"model": "wishlist.wishlist", "pk": 385, "fields": {"product": 7, "userId": 2}}, {"model": "wishlist.wishlist", "pk": 388, "fields": {"product": 12, "userId": 2}}, {"model": "wishlist.wishlist", "pk": 389, "fields": {"product": 5, "userId": 2}}, {"model": "wishlist.wishlist", "pk": 393, "fields": {"product": 6, "userId": 2}}, {"model": "wishlist.wishlist", "pk": 395, "fields": {"product": 14, "userId": 2}}, {"model": "wishlist.wishlist", "pk": 402, "fields": {"product": 9, "userId": 2}}, {"model": "cart.cart", "pk": 24, "fields": {"userId": 12, "product": 13, "quantity": 1, "size": "M", "color": "black", "created_at": "2024-12-05T23:19:15.730Z", "updated_at": "2024-12-05T23:19:15.730Z"}}, {"model": "cart.cart", "pk": 71, "fields": {"userId": 11, "product": 4, "quantity": 1, "size": "XL", "color": "red", "created_at": "2024-12-16T03:51:01.363Z", "updated_at": "2024-12-16T03:51:01.363Z"}}, {"model": "cart.cart", "pk": 72, "fields": {"userId": 11, "product": 6, "quantity": 1, "size": "XL", "color": "brown", "created_at": "2024-12-16T03:55:45.289Z", "updated_at": "2024-12-16T03:55:45.289Z"}}, {"model": "cart.cart", "pk": 80, "fields": {"userId": 2, "product": 4, "quantity": 1, "size": "L", "color": "black", "created_at": "2024-12-20T17:54:13.773Z", "updated_at": "2024-12-20T17:54:13.773Z"}}, {"model": "cart.cart", "pk": 82, "fields": {"userId": 2, "product": 3, "quantity": 1, "size": "L", "color": "yellow", "created_at": "2024-12-22T08:31:00.024Z", "updated_at": "2024-12-22T08:31:00.024Z"}}, {"model": "cart.cart", "pk": 85, "fields": {"userId": 16, "product": 10, "quantity": 1, "size": "M", "color": "gray", "created_at": "2024-12-28T18:03:04.040Z", "updated_at": "2024-12-28T18:03:04.040Z"}}, {"model": "cart.cart", "pk": 92, "fields": {"userId": 2, "product": 15, "quantity": 1, "size": "XL", "color": "yellow", "created_at": "2024-12-30T05:35:39.996Z", "updated_at": "2024-12-30T05:35:39.996Z"}}, {"model": "cart.cart", "pk": 97, "fields": {"userId": 2, "product": 13, "quantity": 1, "size": "L", "color": "gray", "created_at": "2025-01-05T02:52:14.382Z", "updated_at": "2025-01-05T02:52:14.382Z"}}, {"model": "cart.cart", "pk": 98, "fields": {"userId": 2, "product": 11, "quantity": 2, "size": "7", "color": "gray", "created_at": "2025-01-10T16:29:14.697Z", "updated_at": "2025-01-10T16:29:14.697Z"}}, {"model": "cart.cart", "pk": 100, "fields": {"userId": 2, "product": 10, "quantity": 2, "size": "L", "color": "black", "created_at": "2025-01-11T01:07:20.691Z", "updated_at": "2025-01-11T01:07:20.691Z"}}, {"model": "cart.cart", "pk": 101, "fields": {"userId": 2, "product": 8, "quantity": 1, "size": "L", "color": "green", "created_at": "2025-04-23T06:29:17.532Z", "updated_at": "2025-04-23T06:29:17.532Z"}}, {"model": "extras.address", "pk": 3, "fields": {"lat": 0.0, "lng": 0.0, "isDefault": false, "address": "Thanh Hoá", "phone": "+84777105974", "userId": 2, "addressType": "Home"}}, {"model": "extras.address", "pk": 4, "fields": {"lat": 0.0, "lng": 0.0, "isDefault": false, "address": "Triều khúc, thanh xuân, hà nội", "phone": "+84941659929", "userId": 2, "addressType": "Home"}}, {"model": "extras.address", "pk": 14, "fields": {"lat": 0.0, "lng": 0.0, "isDefault": false, "address": "Hạ Long", "phone": "1234567", "userId": 2, "addressType": "home"}}, {"model": "extras.address", "pk": 16, "fields": {"lat": 0.34234, "lng": -124.345234, "isDefault": true, "address": "Ha Noi", "phone": "+84941659929", "userId": 2, "addressType": "school"}}, {"model": "extras.address", "pk": 22, "fields": {"lat": 0.0, "lng": 0.0, "isDefault": true, "address": "Hà dong", "phone": "0866641800", "userId": 16, "addressType": "Home"}}, {"model": "extras.address", "pk": 24, "fields": {"lat": 0.34234, "lng": -124.345234, "isDefault": false, "address": "Hạ Long", "phone": "+84941659929", "userId": 2, "addressType": "school"}}, {"model": "extras.address", "pk": 25, "fields": {"lat": 0.34234, "lng": -124.345234, "isDefault": false, "address": "Hạ Long", "phone": "+84941659929", "userId": 2, "addressType": "school"}}, {"model": "order.order", "pk": 4, "fields": {"user": 2, "customer_id": "cus_REtbuHajtOhisd", "address": 3, "order_products": [{"product_id": 3, "imageUrl": "https://i.pinimg.com/736x/da/79/14/da79147c05234a2202e93867741307ac.jpg", "title": "Váy", "price": 29.99, "quantity": 1, "size": "S", "color": "yellow"}, {"product_id": 1, "imageUrl": "https://www.stussy.com/cdn/shop/files/1905054_BLAC_1.jpg?v=1728313816&width=1920", "title": "Áo thun classic", "price": 19.99, "quantity": 1, "size": "M", "color": "white"}, {"product_id": 13, "imageUrl": "https://assets.peterglenn.com/jpg/1000x1000/65589_001_BLK_LG.jpg", "title": "Áo khoác mùa đông", "price": 89.99, "quantity": 1, "size": "L", "color": "gray"}, {"product_id": 14, "imageUrl": "https://www.stussy.com/cdn/shop/files/116668_OLIV_1_1d65a5ab-8c73-41d0-aafd-af9813d26caa.jpg?v=1725481283&width=1920", "title": "Quần ống rộng", "price": 39.99, "quantity": 1, "size": "32", "color": "green"}], "rated": [0], "total_quantity": 4, "subtotal": 190.0, "total": 190.0, "delivery_status": "delivered", "payment_status": "paid", "created_at": "2024-11-18T07:56:03.946Z", "updated_at": "2024-11-18T07:56:03.946Z"}}, {"model": "order.order", "pk": 6, "fields": {"user": 2, "customer_id": "cus_RGszXEr6xulsnn", "address": 4, "order_products": [{"product_id": 14, "imageUrl": "https://www.stussy.com/cdn/shop/files/116668_OLIV_1_1d65a5ab-8c73-41d0-aafd-af9813d26caa.jpg?v=1725481283&width=1920", "title": "Quần ống rộng", "price": 39.99, "quantity": 1, "size": "32", "color": "green"}], "rated": [0, 14], "total_quantity": 1, "subtotal": 50.0, "total": 50.0, "delivery_status": "Pending", "payment_status": "paid", "created_at": "2024-11-23T15:26:12.874Z", "updated_at": "2024-11-23T15:26:12.874Z"}}, {"model": "order.order", "pk": 7, "fields": {"user": 2, "customer_id": "cus_RIWDZS2IxlqxOf", "address": 4, "order_products": [{"product_id": 14, "imageUrl": "https://www.stussy.com/cdn/shop/files/116668_OLIV_1_1d65a5ab-8c73-41d0-aafd-af9813d26caa.jpg?v=1725481283&width=1920", "title": "Quần ống rộng", "price": 39.99, "quantity": 6, "size": "32", "color": "green"}], "rated": [0, 14], "total_quantity": 6, "subtotal": 250.0, "total": 250.0, "delivery_status": "Pending", "payment_status": "paid", "created_at": "2024-11-28T00:02:12.685Z", "updated_at": "2024-11-28T00:02:12.685Z"}}, {"model": "order.order", "pk": 8, "fields": {"user": 2, "customer_id": "cus_RJ7uRrI3GZpicj", "address": 4, "order_products": [{"product_id": 6, "imageUrl": "https://product-images.therealreal.com/LOU984452_1_enlarged.jpg?width=1500", "title": "Thắt lưng da", "price": 24.99, "quantity": 1, "size": "M", "color": "black"}], "rated": [0, 6], "total_quantity": 1, "subtotal": 35.0, "total": 35.0, "delivery_status": "cancelled", "payment_status": "paid", "created_at": "2024-11-29T14:59:13.242Z", "updated_at": "2024-11-29T14:59:13.242Z"}}, {"model": "order.order", "pk": 9, "fields": {"user": 2, "customer_id": "cus_RJyIHabwXoqZTF", "address": 3, "order_products": [{"product_id": 6, "imageUrl": "https://product-images.therealreal.com/LOU984452_1_enlarged.jpg?width=1500", "title": "Thắt lưng da", "price": 24.99, "quantity": 1, "size": "M", "color": "black"}], "rated": [0, 6], "total_quantity": 1, "subtotal": 35.0, "total": 35.0, "delivery_status": "Pending", "payment_status": "paid", "created_at": "2024-12-01T21:07:01.726Z", "updated_at": "2024-12-01T21:07:01.726Z"}}, {"model": "order.order", "pk": 26, "fields": {"user": 2, "customer_id": "cus_RJyIHabwXoqZTF", "address": 3, "order_products": [{"product_id": 3, "imageUrl": "https://i.pinimg.com/736x/da/79/14/da79147c05234a2202e93867741307ac.jpg", "title": "Váy", "price": 29.99, "quantity": 1, "size": "L", "color": "yellow"}, {"product_id": 11, "imageUrl": "https://assets.adidas.com/images/h_840,f_auto,q_auto,fl_lossy,c_fill,g_auto/d54a6ff6c8404a14bf3afa0df95c7fa7_9366/VL_Court_3.0_Low_Shoes_White_ID9070_01_standard.jpg", "title": "Giày thể thao", "price": 54.99, "quantity": 1, "size": "7", "color": "gray"}, {"product_id": 2, "imageUrl": "https://i.pinimg.com/originals/1a/5c/39/1a5c39d943b3b63cfa703f0baeba9c51.jpg", "title": "Áo khoác bò", "price": 49.99, "quantity": 3, "size": "M", "color": "black"}, {"product_id": 10, "imageUrl": "https://assets.adidas.com/images/h_840,f_auto,q_auto,fl_lossy,c_fill,g_auto/884aae15f0f24923b76d99a35087df33_9366/All_Me_7-8_Leggings_Black_IL7324_01_laydown.jpg", "title": "Quần Yoga", "price": 29.99, "quantity": 3, "size": "M", "color": "black"}, {"product_id": 6, "imageUrl": "https://product-images.therealreal.com/LOU984452_1_enlarged.jpg?width=1500", "title": "Thắt lưng da", "price": 24.99, "quantity": 1, "size": "XL", "color": "black"}, {"product_id": 4, "imageUrl": "https://product.hstatic.net/1000306633/product/hd_t53938__1__445eefbd6a0e48aeb444ab6e6e1bab59.jpg", "title": "Áo Hoodie", "price": 39.99, "quantity": 1, "size": "L", "color": "black"}], "rated": [0], "total_quantity": 10, "subtotal": 449.9, "total": 449.9, "delivery_status": "Pending", "payment_status": "paid", "created_at": "2024-12-22T08:32:08.858Z", "updated_at": "2024-12-22T08:32:08.858Z"}}, {"model": "order.order", "pk": 27, "fields": {"user": 2, "customer_id": "cus_RJyIHabwXoqZTF", "address": 3, "order_products": [{"product_id": 3, "imageUrl": "https://i.pinimg.com/736x/da/79/14/da79147c05234a2202e93867741307ac.jpg", "title": "Váy", "price": 29.99, "quantity": 1, "size": "L", "color": "yellow"}, {"product_id": 11, "imageUrl": "https://assets.adidas.com/images/h_840,f_auto,q_auto,fl_lossy,c_fill,g_auto/d54a6ff6c8404a14bf3afa0df95c7fa7_9366/VL_Court_3.0_Low_Shoes_White_ID9070_01_standard.jpg", "title": "Giày thể thao", "price": 54.99, "quantity": 1, "size": "7", "color": "gray"}, {"product_id": 2, "imageUrl": "https://i.pinimg.com/originals/1a/5c/39/1a5c39d943b3b63cfa703f0baeba9c51.jpg", "title": "Áo khoác bò", "price": 49.99, "quantity": 3, "size": "M", "color": "black"}, {"product_id": 10, "imageUrl": "https://assets.adidas.com/images/h_840,f_auto,q_auto,fl_lossy,c_fill,g_auto/884aae15f0f24923b76d99a35087df33_9366/All_Me_7-8_Leggings_Black_IL7324_01_laydown.jpg", "title": "Quần Yoga", "price": 29.99, "quantity": 3, "size": "M", "color": "black"}, {"product_id": 6, "imageUrl": "https://product-images.therealreal.com/LOU984452_1_enlarged.jpg?width=1500", "title": "Thắt lưng da", "price": 24.99, "quantity": 1, "size": "XL", "color": "black"}, {"product_id": 4, "imageUrl": "https://product.hstatic.net/1000306633/product/hd_t53938__1__445eefbd6a0e48aeb444ab6e6e1bab59.jpg", "title": "Áo Hoodie", "price": 39.99, "quantity": 1, "size": "L", "color": "black"}], "rated": [0], "total_quantity": 10, "subtotal": 449.9, "total": 449.9, "delivery_status": "Pending", "payment_status": "paid", "created_at": "2024-12-22T08:32:08.883Z", "updated_at": "2024-12-22T08:32:08.883Z"}}, {"model": "order.order", "pk": 28, "fields": {"user": 2, "customer_id": "cus_RJyIHabwXoqZTF", "address": 3, "order_products": [{"product_id": 3, "imageUrl": "https://i.pinimg.com/736x/da/79/14/da79147c05234a2202e93867741307ac.jpg", "title": "Váy", "price": 29.99, "quantity": 1, "size": "L", "color": "yellow"}, {"product_id": 11, "imageUrl": "https://assets.adidas.com/images/h_840,f_auto,q_auto,fl_lossy,c_fill,g_auto/d54a6ff6c8404a14bf3afa0df95c7fa7_9366/VL_Court_3.0_Low_Shoes_White_ID9070_01_standard.jpg", "title": "Giày thể thao", "price": 54.99, "quantity": 1, "size": "7", "color": "gray"}, {"product_id": 2, "imageUrl": "https://i.pinimg.com/originals/1a/5c/39/1a5c39d943b3b63cfa703f0baeba9c51.jpg", "title": "Áo khoác bò", "price": 49.99, "quantity": 3, "size": "M", "color": "black"}, {"product_id": 10, "imageUrl": "https://assets.adidas.com/images/h_840,f_auto,q_auto,fl_lossy,c_fill,g_auto/884aae15f0f24923b76d99a35087df33_9366/All_Me_7-8_Leggings_Black_IL7324_01_laydown.jpg", "title": "Quần Yoga", "price": 29.99, "quantity": 3, "size": "M", "color": "black"}, {"product_id": 6, "imageUrl": "https://product-images.therealreal.com/LOU984452_1_enlarged.jpg?width=1500", "title": "Thắt lưng da", "price": 24.99, "quantity": 1, "size": "XL", "color": "black"}, {"product_id": 4, "imageUrl": "https://product.hstatic.net/1000306633/product/hd_t53938__1__445eefbd6a0e48aeb444ab6e6e1bab59.jpg", "title": "Áo Hoodie", "price": 39.99, "quantity": 1, "size": "L", "color": "black"}], "rated": [0], "total_quantity": 10, "subtotal": 449.9, "total": 449.9, "delivery_status": "Pending", "payment_status": "paid", "created_at": "2024-12-22T08:32:08.908Z", "updated_at": "2024-12-22T08:32:08.908Z"}}, {"model": "order.order", "pk": 29, "fields": {"user": 2, "customer_id": "cus_RJyIHabwXoqZTF", "address": 16, "order_products": [{"product_id": 3, "imageUrl": "https://i.pinimg.com/736x/da/79/14/da79147c05234a2202e93867741307ac.jpg", "title": "Váy", "price": 29.99, "quantity": 1, "size": "L", "color": "yellow"}, {"product_id": 11, "imageUrl": "https://assets.adidas.com/images/h_840,f_auto,q_auto,fl_lossy,c_fill,g_auto/d54a6ff6c8404a14bf3afa0df95c7fa7_9366/VL_Court_3.0_Low_Shoes_White_ID9070_01_standard.jpg", "title": "Giày thể thao", "price": 54.99, "quantity": 1, "size": "7", "color": "gray"}], "rated": [0], "total_quantity": 2, "subtotal": 104.97999999999999, "total": 104.97999999999999, "delivery_status": "Pending", "payment_status": "paid", "created_at": "2024-12-22T08:34:44.407Z", "updated_at": "2024-12-22T08:34:44.407Z"}}, {"model": "order.order", "pk": 30, "fields": {"user": 2, "customer_id": "cus_RJyIHabwXoqZTF", "address": 16, "order_products": [{"product_id": 3, "imageUrl": "https://i.pinimg.com/736x/da/79/14/da79147c05234a2202e93867741307ac.jpg", "title": "Váy", "price": 29.99, "quantity": 1, "size": "L", "color": "yellow"}, {"product_id": 11, "imageUrl": "https://assets.adidas.com/images/h_840,f_auto,q_auto,fl_lossy,c_fill,g_auto/d54a6ff6c8404a14bf3afa0df95c7fa7_9366/VL_Court_3.0_Low_Shoes_White_ID9070_01_standard.jpg", "title": "Giày thể thao", "price": 54.99, "quantity": 1, "size": "7", "color": "gray"}, {"product_id": 4, "imageUrl": "https://product.hstatic.net/1000306633/product/hd_t53938__1__445eefbd6a0e48aeb444ab6e6e1bab59.jpg", "title": "Áo Hoodie", "price": 39.99, "quantity": 1, "size": "L", "color": "black"}, {"product_id": 6, "imageUrl": "https://product-images.therealreal.com/LOU984452_1_enlarged.jpg?width=1500", "title": "Thắt lưng da", "price": 24.99, "quantity": 1, "size": "XL", "color": "black"}, {"product_id": 10, "imageUrl": "https://assets.adidas.com/images/h_840,f_auto,q_auto,fl_lossy,c_fill,g_auto/884aae15f0f24923b76d99a35087df33_9366/All_Me_7-8_Leggings_Black_IL7324_01_laydown.jpg", "title": "Quần Yoga", "price": 29.99, "quantity": 3, "size": "M", "color": "black"}, {"product_id": 2, "imageUrl": "https://i.pinimg.com/originals/1a/5c/39/1a5c39d943b3b63cfa703f0baeba9c51.jpg", "title": "Áo khoác bò", "price": 49.99, "quantity": 3, "size": "M", "color": "black"}], "rated": [0], "total_quantity": 10, "subtotal": 449.9, "total": 449.9, "delivery_status": "Pending", "payment_status": "paid", "created_at": "2024-12-22T08:34:56.419Z", "updated_at": "2024-12-22T08:34:56.419Z"}}, {"model": "order.order", "pk": 31, "fields": {"user": 2, "customer_id": "cus_RJyIHabwXoqZTF", "address": 16, "order_products": [{"product_id": 3, "imageUrl": "https://i.pinimg.com/736x/da/79/14/da79147c05234a2202e93867741307ac.jpg", "title": "Váy", "price": 29.99, "quantity": 1, "size": "L", "color": "yellow"}, {"product_id": 11, "imageUrl": "https://assets.adidas.com/images/h_840,f_auto,q_auto,fl_lossy,c_fill,g_auto/d54a6ff6c8404a14bf3afa0df95c7fa7_9366/VL_Court_3.0_Low_Shoes_White_ID9070_01_standard.jpg", "title": "Giày thể thao", "price": 54.99, "quantity": 1, "size": "7", "color": "gray"}, {"product_id": 4, "imageUrl": "https://product.hstatic.net/1000306633/product/hd_t53938__1__445eefbd6a0e48aeb444ab6e6e1bab59.jpg", "title": "Áo Hoodie", "price": 39.99, "quantity": 1, "size": "L", "color": "black"}], "rated": [0], "total_quantity": 3, "subtotal": 154.97, "total": 154.97, "delivery_status": "Pending", "payment_status": "paid", "created_at": "2024-12-22T08:41:26.545Z", "updated_at": "2024-12-22T08:41:26.545Z"}}, {"model": "order.order", "pk": 32, "fields": {"user": 2, "customer_id": "cus_RJyIHabwXoqZTF", "address": 16, "order_products": [{"product_id": 15, "imageUrl": "https://firebasestorage.googleapis.com/v0/b/foodapptung.appspot.com/o/Aomua.png?alt=media&token=fbadae69-9fca-4810-a67a-b67b1c30f789", "title": "Áo mưa", "price": 59.99, "quantity": 1, "size": "L", "color": "black"}], "rated": [0], "total_quantity": 1, "subtotal": 69.99000000000001, "total": 69.99000000000001, "delivery_status": "Pending", "payment_status": "paid", "created_at": "2024-12-22T11:53:48.264Z", "updated_at": "2024-12-22T11:53:48.264Z"}}, {"model": "order.order", "pk": 33, "fields": {"user": 2, "customer_id": "cus_RJyIHabwXoqZTF", "address": 16, "order_products": [{"product_id": 10, "imageUrl": "https://assets.adidas.com/images/h_840,f_auto,q_auto,fl_lossy,c_fill,g_auto/884aae15f0f24923b76d99a35087df33_9366/All_Me_7-8_Leggings_Black_IL7324_01_laydown.jpg", "title": "Quần Yoga", "price": 29.99, "quantity": 3, "size": "M", "color": "black"}, {"product_id": 6, "imageUrl": "https://product-images.therealreal.com/LOU984452_1_enlarged.jpg?width=1500", "title": "Thắt lưng da", "price": 24.99, "quantity": 1, "size": "XL", "color": "black"}], "rated": [0], "total_quantity": 4, "subtotal": 134.95999999999998, "total": 134.95999999999998, "delivery_status": "Pending", "payment_status": "paid", "created_at": "2024-12-22T12:07:56.482Z", "updated_at": "2024-12-22T12:07:56.482Z"}}, {"model": "order.order", "pk": 34, "fields": {"user": 2, "customer_id": "cus_RJyIHabwXoqZTF", "address": 16, "order_products": [{"product_id": 3, "imageUrl": "https://i.pinimg.com/736x/da/79/14/da79147c05234a2202e93867741307ac.jpg", "title": "Váy", "price": 29.99, "quantity": 1, "size": "L", "color": "yellow"}], "rated": [0], "total_quantity": 1, "subtotal": 39.989999999999995, "total": 39.989999999999995, "delivery_status": "Pending", "payment_status": "paid", "created_at": "2024-12-22T12:09:22.179Z", "updated_at": "2024-12-22T12:09:22.179Z"}}, {"model": "order.order", "pk": 35, "fields": {"user": 2, "customer_id": "cus_RJyIHabwXoqZTF", "address": 16, "order_products": [{"product_id": 15, "imageUrl": "https://firebasestorage.googleapis.com/v0/b/foodapptung.appspot.com/o/Aomua.png?alt=media&token=fbadae69-9fca-4810-a67a-b67b1c30f789", "title": "Áo mưa", "price": 59.99, "quantity": 1, "size": "L", "color": "black"}], "rated": [0], "total_quantity": 1, "subtotal": 69.99000000000001, "total": 69.99000000000001, "delivery_status": "Pending", "payment_status": "paid", "created_at": "2024-12-22T12:10:30.646Z", "updated_at": "2024-12-22T12:10:30.646Z"}}, {"model": "order.order", "pk": 36, "fields": {"user": 2, "customer_id": "cus_RJyIHabwXoqZTF", "address": 14, "order_products": [{"product_id": 11, "imageUrl": "https://assets.adidas.com/images/h_840,f_auto,q_auto,fl_lossy,c_fill,g_auto/d54a6ff6c8404a14bf3afa0df95c7fa7_9366/VL_Court_3.0_Low_Shoes_White_ID9070_01_standard.jpg", "title": "Giày thể thao", "price": 54.99, "quantity": 1, "size": "7", "color": "gray"}], "rated": [0], "total_quantity": 1, "subtotal": 64.99000000000001, "total": 64.99000000000001, "delivery_status": "Pending", "payment_status": "paid", "created_at": "2024-12-26T20:39:37.901Z", "updated_at": "2024-12-26T20:39:37.901Z"}}, {"model": "order.order", "pk": 42, "fields": {"user": 2, "customer_id": "cus_RXcDl73GaYZOou", "address": 3, "order_products": [{"product_id": 13, "imageUrl": "https://assets.peterglenn.com/jpg/1000x1000/65589_001_BLK_LG.jpg", "title": "Áo khoác mùa đông", "price": 89.99, "quantity": 1, "size": "L", "color": "gray"}], "rated": [0], "total_quantity": 1, "subtotal": 100.0, "total": 100.0, "delivery_status": "Pending", "payment_status": "paid", "created_at": "2025-01-07T07:13:25.822Z", "updated_at": "2025-01-07T07:13:25.822Z"}}, {"model": "order.order", "pk": 43, "fields": {"user": 2, "customer_id": "cus_RYt04btTpqtuJQ", "address": 4, "order_products": [{"product_id": 11, "imageUrl": "https://assets.adidas.com/images/h_840,f_auto,q_auto,fl_lossy,c_fill,g_auto/d54a6ff6c8404a14bf3afa0df95c7fa7_9366/VL_Court_3.0_Low_Shoes_White_ID9070_01_standard.jpg", "title": "Giày thể thao", "price": 54.99, "quantity": 4, "size": "7", "color": "gray"}, {"product_id": 13, "imageUrl": "https://assets.peterglenn.com/jpg/1000x1000/65589_001_BLK_LG.jpg", "title": "Áo khoác mùa đông", "price": 89.99, "quantity": 1, "size": "L", "color": "gray"}], "rated": [0], "total_quantity": 5, "subtotal": 320.0, "total": 320.0, "delivery_status": "Pending", "payment_status": "paid", "created_at": "2025-01-10T16:39:39.742Z", "updated_at": "2025-01-10T16:39:39.742Z"}}, {"model": "order.order", "pk": 44, "fields": {"user": 2, "customer_id": "cus_RJyIHabwXoqZTF", "address": 3, "order_products": [{"product_id": 6, "imageUrl": "https://product-images.therealreal.com/LOU984452_1_enlarged.jpg?width=1500", "title": "Thắt lưng da", "price": 24.99, "quantity": 1, "size": "M", "color": "black"}], "rated": [0], "total_quantity": 1, "subtotal": 35.0, "total": 35.0, "delivery_status": "Pending", "payment_status": "paid", "created_at": "2025-01-10T17:50:59.010Z", "updated_at": "2025-01-10T17:50:59.010Z"}}, {"model": "order.order", "pk": 45, "fields": {"user": 2, "customer_id": "cus_RJyIHabwXoqZTF", "address": 3, "order_products": [{"product_id": 3, "imageUrl": "https://i.pinimg.com/736x/da/79/14/da79147c05234a2202e93867741307ac.jpg", "title": "Váy", "price": 29.99, "quantity": 1, "size": "L", "color": "yellow"}, {"product_id": 15, "imageUrl": "https://firebasestorage.googleapis.com/v0/b/foodapptung.appspot.com/o/Aomua.png?alt=media&token=fbadae69-9fca-4810-a67a-b67b1c30f789", "title": "Áo mưa", "price": 59.99, "quantity": 1, "size": "XL", "color": "yellow"}, {"product_id": 13, "imageUrl": "https://assets.peterglenn.com/jpg/1000x1000/65589_001_BLK_LG.jpg", "title": "Áo khoác mùa đông", "price": 89.99, "quantity": 1, "size": "L", "color": "gray"}], "rated": [0], "total_quantity": 3, "subtotal": 209.96999999999997, "total": 209.96999999999997, "delivery_status": "Pending", "payment_status": "paid", "created_at": "2025-04-19T15:07:17.850Z", "updated_at": "2025-04-19T15:07:17.850Z"}}, {"model": "order.order", "pk": 46, "fields": {"user": 2, "customer_id": "cus_SAEGDCMmDPnyqf", "address": 16, "order_products": [{"product_id": 3, "imageUrl": "https://i.pinimg.com/736x/da/79/14/da79147c05234a2202e93867741307ac.jpg", "title": "Váy", "price": 29.99, "quantity": 1, "size": "L", "color": "yellow"}], "rated": [0], "total_quantity": 1, "subtotal": 40.0, "total": 40.0, "delivery_status": "Pending", "payment_status": "paid", "created_at": "2025-04-20T09:04:45.405Z", "updated_at": "2025-04-20T09:04:45.405Z"}}, {"model": "order.order", "pk": 47, "fields": {"user": 2, "customer_id": "cus_SAEOt6NKBKYUBF", "address": 16, "order_products": [{"product_id": 3, "imageUrl": "https://i.pinimg.com/736x/da/79/14/da79147c05234a2202e93867741307ac.jpg", "title": "Váy", "price": 29.99, "quantity": 1, "size": "L", "color": "yellow"}, {"product_id": 13, "imageUrl": "https://assets.peterglenn.com/jpg/1000x1000/65589_001_BLK_LG.jpg", "title": "Áo khoác mùa đông", "price": 89.99, "quantity": 1, "size": "L", "color": "gray"}], "rated": [0], "total_quantity": 2, "subtotal": 130.0, "total": 130.0, "delivery_status": "Pending", "payment_status": "paid", "created_at": "2025-04-20T09:12:45.658Z", "updated_at": "2025-04-20T09:12:45.658Z"}}, {"model": "order.order", "pk": 48, "fields": {"user": 2, "customer_id": "cus_SAEQ5UtFdPIUXZ", "address": 16, "order_products": [{"product_id": 15, "imageUrl": "https://firebasestorage.googleapis.com/v0/b/foodapptung.appspot.com/o/Aomua.png?alt=media&token=fbadae69-9fca-4810-a67a-b67b1c30f789", "title": "Áo mưa", "price": 59.99, "quantity": 1, "size": "XL", "color": "yellow"}], "rated": [0], "total_quantity": 1, "subtotal": 70.0, "total": 70.0, "delivery_status": "Pending", "payment_status": "paid", "created_at": "2025-04-20T09:16:28.116Z", "updated_at": "2025-04-20T09:16:28.116Z"}}, {"model": "order.order", "pk": 49, "fields": {"user": 2, "customer_id": "cus_SAEZGgPl6YAvid", "address": 16, "order_products": [{"product_id": 15, "imageUrl": "https://firebasestorage.googleapis.com/v0/b/foodapptung.appspot.com/o/Aomua.png?alt=media&token=fbadae69-9fca-4810-a67a-b67b1c30f789", "title": "Áo mưa", "price": 59.99, "quantity": 1, "size": "XL", "color": "yellow"}, {"product_id": 13, "imageUrl": "https://assets.peterglenn.com/jpg/1000x1000/65589_001_BLK_LG.jpg", "title": "Áo khoác mùa đông", "price": 89.99, "quantity": 1, "size": "L", "color": "gray"}], "rated": [0], "total_quantity": 2, "subtotal": 160.0, "total": 160.0, "delivery_status": "Pending", "payment_status": "paid", "created_at": "2025-04-20T09:23:29.579Z", "updated_at": "2025-04-20T09:23:29.579Z"}}, {"model": "order.order", "pk": 50, "fields": {"user": 2, "customer_id": "cus_SAEbCJSlKLVKPv", "address": 16, "order_products": [{"product_id": 10, "imageUrl": "https://assets.adidas.com/images/h_840,f_auto,q_auto,fl_lossy,c_fill,g_auto/884aae15f0f24923b76d99a35087df33_9366/All_Me_7-8_Leggings_Black_IL7324_01_laydown.jpg", "title": "Quần Yoga", "price": 29.99, "quantity": 2, "size": "L", "color": "black"}], "rated": [0], "total_quantity": 2, "subtotal": 70.0, "total": 70.0, "delivery_status": "Pending", "payment_status": "paid", "created_at": "2025-04-20T09:25:59.211Z", "updated_at": "2025-04-20T09:25:59.211Z"}}, {"model": "order.order", "pk": 51, "fields": {"user": 2, "customer_id": "cus_SAOSkKfy3SgsGG", "address": 16, "order_products": [{"product_id": 15, "imageUrl": "https://firebasestorage.googleapis.com/v0/b/foodapptung.appspot.com/o/Aomua.png?alt=media&token=fbadae69-9fca-4810-a67a-b67b1c30f789", "title": "Áo mưa", "price": 59.99, "quantity": 1, "size": "XL", "color": "yellow"}, {"product_id": 3, "imageUrl": "https://i.pinimg.com/736x/da/79/14/da79147c05234a2202e93867741307ac.jpg", "title": "Váy", "price": 29.99, "quantity": 1, "size": "L", "color": "yellow"}], "rated": [0], "total_quantity": 2, "subtotal": 100.0, "total": 100.0, "delivery_status": "Pending", "payment_status": "paid", "created_at": "2025-04-20T19:37:16.801Z", "updated_at": "2025-04-20T19:37:16.801Z"}}, {"model": "order.order", "pk": 52, "fields": {"user": 2, "customer_id": "cus_SAgoJ9xl1c0TcL", "address": 16, "order_products": [{"product_id": 3, "imageUrl": "https://i.pinimg.com/736x/da/79/14/da79147c05234a2202e93867741307ac.jpg", "title": "Váy", "price": 29.99, "quantity": 1, "size": "L", "color": "yellow"}], "rated": [0], "total_quantity": 1, "subtotal": 40.0, "total": 40.0, "delivery_status": "Pending", "payment_status": "paid", "created_at": "2025-04-21T14:34:57.395Z", "updated_at": "2025-04-21T14:34:57.395Z"}}, {"model": "notification.notification", "pk": 4, "fields": {"orderId": 4, "title": "Order Successfully Placed", "message": "Your payment has been placed successfully and your order has been placed successfully", "created_at": "2024-11-18T07:56:03.948Z", "isRead": true, "userId": 2, "updated_at": "2024-11-27T23:36:15.587Z"}}, {"model": "notification.notification", "pk": 6, "fields": {"orderId": 6, "title": "Order Successfully Placed", "message": "Your payment has been placed successfully and your order has been placed successfully", "created_at": "2024-11-23T15:26:12.876Z", "isRead": true, "userId": 2, "updated_at": "2024-11-27T23:32:40.129Z"}}, {"model": "notification.notification", "pk": 7, "fields": {"orderId": 7, "title": "Order Successfully Placed", "message": "Your payment has been placed successfully and your order has been placed successfully", "created_at": "2024-11-28T00:02:12.687Z", "isRead": true, "userId": 2, "updated_at": "2024-11-28T00:44:43.949Z"}}, {"model": "notification.notification", "pk": 8, "fields": {"orderId": 8, "title": "Order Successfully Placed", "message": "Your payment has been placed successfully and your order has been placed successfully", "created_at": "2024-11-29T14:59:13.243Z", "isRead": true, "userId": 2, "updated_at": "2024-11-29T15:23:13.855Z"}}, {"model": "notification.notification", "pk": 9, "fields": {"orderId": 9, "title": "Order Successfully Placed", "message": "Your payment has been placed successfully and your order has been placed successfully", "created_at": "2024-12-01T21:07:01.731Z", "isRead": true, "userId": 2, "updated_at": "2024-12-01T21:07:20.896Z"}}, {"model": "notification.notification", "pk": 26, "fields": {"orderId": 26, "title": "Order Successfully Placed", "message": "Your payment has been placed successfully and your order has been placed successfully", "created_at": "2024-12-22T08:32:08.860Z", "isRead": true, "userId": 2, "updated_at": "2025-01-05T03:01:03.311Z"}}, {"model": "notification.notification", "pk": 27, "fields": {"orderId": 27, "title": "Order Successfully Placed", "message": "Your payment has been placed successfully and your order has been placed successfully", "created_at": "2024-12-22T08:32:08.884Z", "isRead": true, "userId": 2, "updated_at": "2025-04-18T17:12:08.943Z"}}, {"model": "notification.notification", "pk": 28, "fields": {"orderId": 28, "title": "Order Successfully Placed", "message": "Your payment has been placed successfully and your order has been placed successfully", "created_at": "2024-12-22T08:32:08.911Z", "isRead": true, "userId": 2, "updated_at": "2025-04-18T17:12:03.288Z"}}, {"model": "notification.notification", "pk": 29, "fields": {"orderId": 29, "title": "Order Successfully Placed", "message": "Your payment has been placed successfully and your order has been placed successfully", "created_at": "2024-12-22T08:34:44.409Z", "isRead": true, "userId": 2, "updated_at": "2025-04-18T15:02:30.238Z"}}, {"model": "notification.notification", "pk": 30, "fields": {"orderId": 30, "title": "Order Successfully Placed", "message": "Your payment has been placed successfully and your order has been placed successfully", "created_at": "2024-12-22T08:34:56.420Z", "isRead": true, "userId": 2, "updated_at": "2025-04-18T12:36:30.839Z"}}, {"model": "notification.notification", "pk": 31, "fields": {"orderId": 31, "title": "Order Successfully Placed", "message": "Your payment has been placed successfully and your order has been placed successfully", "created_at": "2024-12-22T08:41:26.546Z", "isRead": true, "userId": 2, "updated_at": "2025-01-10T10:05:36.530Z"}}, {"model": "notification.notification", "pk": 32, "fields": {"orderId": 32, "title": "Order Successfully Placed", "message": "Your payment has been placed successfully and your order has been placed successfully", "created_at": "2024-12-22T11:53:48.265Z", "isRead": true, "userId": 2, "updated_at": "2025-04-18T12:36:06.405Z"}}, {"model": "notification.notification", "pk": 33, "fields": {"orderId": 33, "title": "Order Successfully Placed", "message": "Your payment has been placed successfully and your order has been placed successfully", "created_at": "2024-12-22T12:07:56.483Z", "isRead": true, "userId": 2, "updated_at": "2025-04-18T12:26:20.590Z"}}, {"model": "notification.notification", "pk": 34, "fields": {"orderId": 34, "title": "Order Successfully Placed", "message": "Your payment has been placed successfully and your order has been placed successfully", "created_at": "2024-12-22T12:09:22.180Z", "isRead": true, "userId": 2, "updated_at": "2025-01-10T10:32:19.079Z"}}, {"model": "notification.notification", "pk": 35, "fields": {"orderId": 35, "title": "Order Successfully Placed", "message": "Your payment has been placed successfully and your order has been placed successfully", "created_at": "2024-12-22T12:10:30.647Z", "isRead": true, "userId": 2, "updated_at": "2025-04-18T12:24:55.479Z"}}, {"model": "notification.notification", "pk": 36, "fields": {"orderId": 36, "title": "Order Successfully Placed", "message": "Your payment has been placed successfully and your order has been placed successfully", "created_at": "2024-12-26T20:39:37.902Z", "isRead": true, "userId": 2, "updated_at": "2024-12-30T06:49:53.550Z"}}, {"model": "notification.notification", "pk": 42, "fields": {"orderId": 42, "title": "Order Successfully Placed", "message": "Your payment has been placed successfully and your order has been placed successfully", "created_at": "2025-01-07T07:13:25.824Z", "isRead": true, "userId": 2, "updated_at": "2025-01-07T07:13:49.078Z"}}, {"model": "notification.notification", "pk": 43, "fields": {"orderId": 43, "title": "Order Successfully Placed", "message": "Your payment has been placed successfully and your order has been placed successfully", "created_at": "2025-01-10T16:39:39.744Z", "isRead": true, "userId": 2, "updated_at": "2025-01-10T16:40:11.879Z"}}, {"model": "notification.notification", "pk": 44, "fields": {"orderId": 44, "title": "Order Successfully Placed", "message": "Your payment has been placed successfully and your order has been placed successfully", "created_at": "2025-01-10T17:50:59.012Z", "isRead": true, "userId": 2, "updated_at": "2025-04-18T12:15:41.544Z"}}, {"model": "notification.notification", "pk": 45, "fields": {"orderId": 45, "title": "Order Successfully Placed", "message": "Your payment has been placed successfully and your order has been placed successfully", "created_at": "2025-04-19T15:07:17.851Z", "isRead": true, "userId": 2, "updated_at": "2025-04-20T09:02:29.290Z"}}, {"model": "notification.notification", "pk": 46, "fields": {"orderId": 46, "title": "Order Successfully Placed", "message": "Your payment has been placed successfully and your order has been placed successfully", "created_at": "2025-04-20T09:04:45.406Z", "isRead": true, "userId": 2, "updated_at": "2025-04-20T09:05:02.649Z"}}, {"model": "notification.notification", "pk": 47, "fields": {"orderId": 47, "title": "Order Successfully Placed", "message": "Your payment has been placed successfully and your order has been placed successfully", "created_at": "2025-04-20T09:12:45.659Z", "isRead": true, "userId": 2, "updated_at": "2025-04-20T09:13:08.897Z"}}, {"model": "notification.notification", "pk": 48, "fields": {"orderId": 48, "title": "Order Successfully Placed", "message": "Your payment has been placed successfully and your order has been placed successfully", "created_at": "2025-04-20T09:16:28.117Z", "isRead": false, "userId": 2, "updated_at": "2025-04-20T09:16:28.117Z"}}, {"model": "notification.notification", "pk": 49, "fields": {"orderId": 49, "title": "Order Successfully Placed", "message": "Your payment has been placed successfully and your order has been placed successfully", "created_at": "2025-04-20T09:23:29.581Z", "isRead": false, "userId": 2, "updated_at": "2025-04-20T09:23:29.581Z"}}, {"model": "notification.notification", "pk": 50, "fields": {"orderId": 50, "title": "Order Successfully Placed", "message": "Your payment has been placed successfully and your order has been placed successfully", "created_at": "2025-04-20T09:25:59.213Z", "isRead": false, "userId": 2, "updated_at": "2025-04-20T09:25:59.213Z"}}, {"model": "notification.notification", "pk": 51, "fields": {"orderId": 51, "title": "Order Successfully Placed", "message": "Your payment has been placed successfully and your order has been placed successfully", "created_at": "2025-04-20T19:37:16.802Z", "isRead": true, "userId": 2, "updated_at": "2025-04-23T06:32:38.389Z"}}, {"model": "notification.notification", "pk": 52, "fields": {"orderId": 52, "title": "Order Successfully Placed", "message": "Your payment has been placed successfully and your order has been placed successfully", "created_at": "2025-04-21T14:34:57.397Z", "isRead": true, "userId": 2, "updated_at": "2025-04-23T06:32:36.447Z"}}, {"model": "rating.rating", "pk": 1, "fields": {"rating": 4.0, "review": "alo alo", "product": 14, "userId": 2, "order": 7, "created_at": "2024-11-28T00:37:16Z"}}, {"model": "rating.rating", "pk": 2, "fields": {"rating": 1.0, "review": "avc", "product": 14, "userId": 2, "order": 6, "created_at": "2024-11-28T00:43:00.079Z"}}, {"model": "rating.rating", "pk": 3, "fields": {"rating": 5.0, "review": "", "product": 1, "userId": 2, "order": 5, "created_at": "2024-11-29T00:09:53.971Z"}}, {"model": "rating.rating", "pk": 4, "fields": {"rating": 1.0, "review": "ùi ggjkk", "product": 6, "userId": 2, "order": 9, "created_at": "2024-12-10T05:59:58.461Z"}}, {"model": "rating.rating", "pk": 5, "fields": {"rating": 1.0, "review": "", "product": 1, "userId": 2, "order": 1, "created_at": "2024-12-14T11:34:37.064Z"}}, {"model": "rating.rating", "pk": 6, "fields": {"rating": 4.0, "review": "abc", "product": 10, "userId": 2, "order": 2, "created_at": "2024-12-16T20:40:06.117Z"}}, {"model": "rating.rating", "pk": 7, "fields": {"rating": 1.0, "review": "", "product": 7, "userId": 2, "order": 11, "created_at": "2024-12-21T09:10:00.196Z"}}, {"model": "rating.rating", "pk": 8, "fields": {"rating": 4.0, "review": "abc", "product": 10, "userId": 2, "order": 2, "created_at": "2024-12-24T16:08:17.262Z"}}, {"model": "rating.rating", "pk": 9, "fields": {"rating": 4.0, "review": "abc", "product": 10, "userId": 2, "order": 2, "created_at": "2024-12-24T16:08:28.584Z"}}, {"model": "rating.rating", "pk": 10, "fields": {"rating": 4.0, "review": "abc", "product": 10, "userId": 2, "order": 11, "created_at": "2024-12-24T16:33:40.855Z"}}, {"model": "rating.rating", "pk": 11, "fields": {"rating": 4.0, "review": "abc", "product": 10, "userId": 2, "order": 11, "created_at": "2024-12-26T18:31:42.754Z"}}, {"model": "rating.rating", "pk": 12, "fields": {"rating": 4.0, "review": "abc", "product": 10, "userId": 2, "order": 11, "created_at": "2024-12-26T18:31:44.855Z"}}, {"model": "rating.rating", "pk": 13, "fields": {"rating": 3.0, "review": "abc", "product": 10, "userId": 2, "order": 11, "created_at": "2024-12-26T18:31:53.823Z"}}, {"model": "rating.rating", "pk": 14, "fields": {"rating": 3.0, "review": "abc", "product": 10, "userId": 2, "order": 11, "created_at": "2024-12-26T20:52:20.599Z"}}, {"model": "rating.rating", "pk": 15, "fields": {"rating": 5.0, "review": "zxc", "product": 4, "userId": 2, "order": 41, "created_at": "2025-01-05T03:03:46.995Z"}}, {"model": "rating.rating", "pk": 16, "fields": {"rating": 1.0, "review": "xzc", "product": 4, "userId": 2, "order": 40, "created_at": "2025-01-05T03:04:20.601Z"}}, {"model": "rating.rating", "pk": 17, "fields": {"rating": 1.0, "review": "zxc", "product": 4, "userId": 2, "order": 37, "created_at": "2025-01-05T03:05:18.083Z"}}, {"model": "rating.rating", "pk": 18, "fields": {"rating": 3.0, "review": "abc", "product": 10, "userId": 2, "order": 11, "created_at": "2025-01-06T07:21:31.350Z"}}, {"model": "rating.rating", "pk": 19, "fields": {"rating": 3.0, "review": "abc", "product": 10, "userId": 2, "order": 11, "created_at": "2025-01-10T17:54:55.687Z"}}, {"model": "rating.rating", "pk": 20, "fields": {"rating": 5.0, "review": "", "product": 6, "userId": 2, "order": 8, "created_at": "2025-04-23T06:32:26.890Z"}}]